table_name,source_id,rejection_reason,rejected_at
customers,70,NULL_EMAIL,2026-08-12T13:41:37.432591
customers,130,NULL_EMAIL,2026-08-12T13:41:37.432691
customers,354,NULL_EMAIL,2026-08-12T13:41:37.432751
customers,402,NULL_EMAIL,2026-08-12T13:41:37.432796
customers,494,NULL_EMAIL,2026-08-12T13:41:37.432836
customers,714,NULL_EMAIL,2026-08-12T13:41:37.432874
customers,763,NULL_EMAIL,2026-08-12T13:41:37.432910
customers,966,NULL_EMAIL,2026-08-12T13:41:37.432944
customers,1038,NULL_EMAIL,2026-08-12T13:41:37.432976
customers,1097,NULL_EMAIL,2026-08-12T13:41:37.433008
customers,1116,NULL_EMAIL,2026-08-12T13:41:37.433041
customers,1235,NULL_EMAIL,2026-08-12T13:41:37.433072
customers,1466,NULL_EMAIL,2026-08-12T13:41:37.433107
customers,1528,NULL_EMAIL,2026-08-12T13:41:37.433139
customers,1588,NULL_EMAIL,2026-08-12T13:41:37.433170
customers,2084,NULL_EMAIL,2026-08-12T13:41:37.433201
customers,2092,NULL_EMAIL,2026-08-12T13:41:37.433235
customers,2456,NULL_EMAIL,2026-08-12T13:41:37.433315
customers,2579,NULL_EMAIL,2026-08-12T13:41:37.433355
customers,2582,NULL_EMAIL,2026-08-12T13:41:37.433388
customers,2674,NULL_EMAIL,2026-08-12T13:41:37.433421
customers,2760,NULL_EMAIL,2026-08-12T13:41:37.433454
customers,12,INVALID_MEMBERSHIP,2026-08-12T13:41:37.438225
customers,476,INVALID_MEMBERSHIP,2026-08-12T13:41:37.438338
customers,497,INVALID_MEMBERSHIP,2026-08-12T13:41:37.438385
customers,618,INVALID_MEMBERSHIP,2026-08-12T13:41:37.438431
customers,673,INVALID_MEMBERSHIP,2026-08-12T13:41:37.438467
customers,711,INVALID_MEMBERSHIP,2026-08-12T13:41:37.438501
customers,778,INVALID_MEMBERSHIP,2026-08-12T13:41:37.438535
customers,1286,INVALID_MEMBERSHIP,2026-08-12T13:41:37.438566
customers,1886,INVALID_MEMBERSHIP,2026-08-12T13:41:37.438597
customers,2052,INVALID_MEMBERSHIP,2026-08-12T13:41:37.438627
customers,2068,INVALID_MEMBERSHIP,2026-08-12T13:41:37.438658
customers,2686,INVALID_MEMBERSHIP,2026-08-12T13:41:37.438715
orders,16796,INVALID_QUANTITY,2026-08-12T13:41:37.526681
orders,7509,INVALID_QUANTITY,2026-08-12T13:41:37.526746
orders,27773,INVALID_QUANTITY,2026-08-12T13:41:37.526790
orders,26857,INVALID_QUANTITY,2026-08-12T13:41:37.526828
orders,5891,INVALID_QUANTITY,2026-08-12T13:41:37.526866
orders,9436,INVALID_QUANTITY,2026-08-12T13:41:37.526900
orders,21151,INVALID_QUANTITY,2026-08-12T13:41:37.526932
orders,7062,INVALID_QUANTITY,2026-08-12T13:41:37.526962
orders,27274,INVALID_QUANTITY,2026-08-12T13:41:37.527037
orders,16696,INVALID_QUANTITY,2026-08-12T13:41:37.527078
orders,16887,INVALID_QUANTITY,2026-08-12T13:41:37.527110
orders,789,INVALID_QUANTITY,2026-08-12T13:41:37.527142
orders,16757,INVALID_QUANTITY,2026-08-12T13:41:37.527173
orders,25876,INVALID_QUANTITY,2026-08-12T13:41:37.527204
orders,12935,INVALID_QUANTITY,2026-08-12T13:41:37.527235
orders,24689,INVALID_QUANTITY,2026-08-12T13:41:37.527263
orders,4715,INVALID_QUANTITY,2026-08-12T13:41:37.527292
orders,12797,INVALID_QUANTITY,2026-08-12T13:41:37.527321
orders,12498,INVALID_QUANTITY,2026-08-12T13:41:37.527350
orders,12650,INVALID_QUANTITY,2026-08-12T13:41:37.527380
orders,14210,INVALID_QUANTITY,2026-08-12T13:41:37.527410
orders,28087,INVALID_QUANTITY,2026-08-12T13:41:37.527439
orders,18459,INVALID_QUANTITY,2026-08-12T13:41:37.527468
orders,21212,INVALID_QUANTITY,2026-08-12T13:41:37.527499
orders,244,INVALID_QUANTITY,2026-08-12T13:41:37.527530
orders,22900,INVALID_QUANTITY,2026-08-12T13:41:37.527560
orders,4980,INVALID_QUANTITY,2026-08-12T13:41:37.527590
orders,11597,INVALID_QUANTITY,2026-08-12T13:41:37.527621
orders,17217,INVALID_QUANTITY,2026-08-12T13:41:37.527651
orders,17933,INVALID_QUANTITY,2026-08-12T13:41:37.527679
orders,15330,INVALID_QUANTITY,2026-08-12T13:41:37.527707
orders,23441,INVALID_QUANTITY,2026-08-12T13:41:37.527737
orders,8563,INVALID_QUANTITY,2026-08-12T13:41:37.527765
orders,21093,INVALID_QUANTITY,2026-08-12T13:41:37.527793
orders,11863,INVALID_QUANTITY,2026-08-12T13:41:37.527823
orders,20304,INVALID_QUANTITY,2026-08-12T13:41:37.527853
orders,5134,INVALID_QUANTITY,2026-08-12T13:41:37.527882
orders,11453,INVALID_QUANTITY,2026-08-12T13:41:37.527910
orders,13460,INVALID_QUANTITY,2026-08-12T13:41:37.527938
orders,17564,INVALID_QUANTITY,2026-08-12T13:41:37.527966
orders,3453,INVALID_QUANTITY,2026-08-12T13:41:37.528032
orders,27164,INVALID_QUANTITY,2026-08-12T13:41:37.528066
orders,7961,INVALID_QUANTITY,2026-08-12T13:41:37.528098
orders,23569,INVALID_QUANTITY,2026-08-12T13:41:37.528130
orders,14291,INVALID_QUANTITY,2026-08-12T13:41:37.528160
orders,3390,INVALID_QUANTITY,2026-08-12T13:41:37.528191
orders,4890,INVALID_QUANTITY,2026-08-12T13:41:37.528220
orders,6561,INVALID_QUANTITY,2026-08-12T13:41:37.528249
orders,16195,INVALID_QUANTITY,2026-08-12T13:41:37.528279
orders,21229,INVALID_QUANTITY,2026-08-12T13:41:37.528311
orders,4447,INVALID_QUANTITY,2026-08-12T13:41:37.528341
orders,4898,INVALID_QUANTITY,2026-08-12T13:41:37.528372
orders,18096,INVALID_QUANTITY,2026-08-12T13:41:37.528420
orders,4185,INVALID_QUANTITY,2026-08-12T13:41:37.528461
orders,17413,INVALID_QUANTITY,2026-08-12T13:41:37.528495
orders,13785,INVALID_QUANTITY,2026-08-12T13:41:37.528527
orders,27523,INVALID_QUANTITY,2026-08-12T13:41:37.528703
orders,27173,INVALID_QUANTITY,2026-08-12T13:41:37.528801
orders,7461,INVALID_QUANTITY,2026-08-12T13:41:37.529129
orders,11720,INVALID_QUANTITY,2026-08-12T13:41:37.529233
orders,8370,INVALID_QUANTITY,2026-08-12T13:41:37.529730
orders,1866,INVALID_QUANTITY,2026-08-12T13:41:37.529996
orders,27325,INVALID_QUANTITY,2026-08-12T13:41:37.530058
orders,8443,INVALID_QUANTITY,2026-08-12T13:41:37.530099
orders,7439,INVALID_QUANTITY,2026-08-12T13:41:37.530138
orders,133,INVALID_QUANTITY,2026-08-12T13:41:37.530340
orders,5290,INVALID_QUANTITY,2026-08-12T13:41:37.530392
orders,26707,INVALID_QUANTITY,2026-08-12T13:41:37.530432
orders,24246,INVALID_QUANTITY,2026-08-12T13:41:37.530467
orders,3527,INVALID_QUANTITY,2026-08-12T13:41:37.530503
orders,25299,INVALID_QUANTITY,2026-08-12T13:41:37.531094
orders,11180,INVALID_QUANTITY,2026-08-12T13:41:37.531237
orders,15812,INVALID_QUANTITY,2026-08-12T13:41:37.531291
orders,17891,INVALID_QUANTITY,2026-08-12T13:41:37.531332
orders,19554,INVALID_QUANTITY,2026-08-12T13:41:37.531369
orders,15772,INVALID_QUANTITY,2026-08-12T13:41:37.531407
orders,15560,INVALID_QUANTITY,2026-08-12T13:41:37.531441
orders,15890,INVALID_QUANTITY,2026-08-12T13:41:37.531472
orders,10601,INVALID_QUANTITY,2026-08-12T13:41:37.531544
orders,481,INVALID_QUANTITY,2026-08-12T13:41:37.531652
orders,5034,INVALID_QUANTITY,2026-08-12T13:41:37.531695
orders,15831,INVALID_QUANTITY,2026-08-12T13:41:37.531734
orders,7599,INVALID_QUANTITY,2026-08-12T13:41:37.532082
orders,962,INVALID_QUANTITY,2026-08-12T13:41:37.532222
orders,16919,INVALID_QUANTITY,2026-08-12T13:41:37.532282
orders,269,INVALID_QUANTITY,2026-08-12T13:41:37.532324
orders,6322,INVALID_QUANTITY,2026-08-12T13:41:37.532362
orders,8550,INVALID_QUANTITY,2026-08-12T13:41:37.532397
orders,11355,INVALID_QUANTITY,2026-08-12T13:41:37.532432
orders,19815,INVALID_QUANTITY,2026-08-12T13:41:37.532464
orders,1080,INVALID_QUANTITY,2026-08-12T13:41:37.532499
orders,18925,INVALID_QUANTITY,2026-08-12T13:41:37.532532
orders,24077,INVALID_QUANTITY,2026-08-12T13:41:37.532566
orders,6589,INVALID_QUANTITY,2026-08-12T13:41:37.532598
orders,695,INVALID_QUANTITY,2026-08-12T13:41:37.532629
orders,5571,INVALID_QUANTITY,2026-08-12T13:41:37.532666
orders,4843,INVALID_QUANTITY,2026-08-12T13:41:37.532698
orders,15789,INVALID_QUANTITY,2026-08-12T13:41:37.532729
orders,20117,INVALID_QUANTITY,2026-08-12T13:41:37.532761
orders,1048,INVALID_QUANTITY,2026-08-12T13:41:37.532791
orders,16731,INVALID_QUANTITY,2026-08-12T13:41:37.532866
orders,6669,INVALID_QUANTITY,2026-08-12T13:41:37.532910
orders,25360,INVALID_QUANTITY,2026-08-12T13:41:37.532945
orders,12468,INVALID_QUANTITY,2026-08-12T13:41:37.532987
orders,6013,INVALID_QUANTITY,2026-08-12T13:41:37.533020
orders,15591,INVALID_QUANTITY,2026-08-12T13:41:37.533051
orders,10537,INVALID_QUANTITY,2026-08-12T13:41:37.533082
orders,4372,INVALID_QUANTITY,2026-08-12T13:41:37.533112
orders,3968,INVALID_QUANTITY,2026-08-12T13:41:37.533143
orders,26260,INVALID_QUANTITY,2026-08-12T13:41:37.533173
orders,13566,INVALID_QUANTITY,2026-08-12T13:41:37.533202
orders,25900,INVALID_QUANTITY,2026-08-12T13:41:37.533231
orders,6630,INVALID_QUANTITY,2026-08-12T13:41:37.533263
orders,8938,INVALID_QUANTITY,2026-08-12T13:41:37.533294
orders,27875,INVALID_QUANTITY,2026-08-12T13:41:37.533324
orders,23519,INVALID_QUANTITY,2026-08-12T13:41:37.533354
orders,27974,INVALID_QUANTITY,2026-08-12T13:41:37.533383
orders,18904,INVALID_QUANTITY,2026-08-12T13:41:37.533411
orders,28026,INVALID_QUANTITY,2026-08-12T13:41:37.533440
orders,26042,INVALID_QUANTITY,2026-08-12T13:41:37.533468
orders,22097,INVALID_QUANTITY,2026-08-12T13:41:37.533496
orders,19895,INVALID_QUANTITY,2026-08-12T13:41:37.533525
orders,6922,INVALID_QUANTITY,2026-08-12T13:41:37.533553
orders,8958,INVALID_QUANTITY,2026-08-12T13:41:37.533582
orders,9523,INVALID_QUANTITY,2026-08-12T13:41:37.533611
orders,1045,INVALID_QUANTITY,2026-08-12T13:41:37.533640
orders,7667,INVALID_QUANTITY,2026-08-12T13:41:37.533669
orders,8879,INVALID_QUANTITY,2026-08-12T13:41:37.533698
orders,7212,INVALID_QUANTITY,2026-08-12T13:41:37.533727
orders,27463,INVALID_QUANTITY,2026-08-12T13:41:37.533810
orders,11004,INVALID_QUANTITY,2026-08-12T13:41:37.533854
orders,13100,INVALID_QUANTITY,2026-08-12T13:41:37.533887
orders,22642,INVALID_QUANTITY,2026-08-12T13:41:37.533945
orders,24693,INVALID_QUANTITY,2026-08-12T13:41:37.533987
orders,25818,INVALID_QUANTITY,2026-08-12T13:41:37.534022
orders,11958,INVALID_QUANTITY,2026-08-12T13:41:37.534053
orders,11312,INVALID_QUANTITY,2026-08-12T13:41:37.534084
orders,24164,INVALID_QUANTITY,2026-08-12T13:41:37.534115
orders,25041,INVALID_QUANTITY,2026-08-12T13:41:37.534144
orders,9208,INVALID_QUANTITY,2026-08-12T13:41:37.534174
orders,9925,INVALID_QUANTITY,2026-08-12T13:41:37.534203
orders,15434,INVALID_QUANTITY,2026-08-12T13:41:37.534233
orders,13417,INVALID_QUANTITY,2026-08-12T13:41:37.534263
orders,1039,INVALID_QUANTITY,2026-08-12T13:41:37.534294
orders,20630,INVALID_QUANTITY,2026-08-12T13:41:37.534323
orders,24713,INVALID_STATUS,2026-08-12T13:41:37.560642
orders,27514,INVALID_STATUS,2026-08-12T13:41:37.560711
orders,19752,INVALID_STATUS,2026-08-12T13:41:37.560755
orders,13006,INVALID_STATUS,2026-08-12T13:41:37.560793
orders,27849,INVALID_STATUS,2026-08-12T13:41:37.560829
orders,11460,INVALID_STATUS,2026-08-12T13:41:37.560863
orders,6960,INVALID_STATUS,2026-08-12T13:41:37.560896
orders,1580,INVALID_STATUS,2026-08-12T13:41:37.560929
orders,22031,INVALID_STATUS,2026-08-12T13:41:37.560959
orders,8602,INVALID_STATUS,2026-08-12T13:41:37.560990
orders,28006,INVALID_STATUS,2026-08-12T13:41:37.561019
orders,13865,INVALID_STATUS,2026-08-12T13:41:37.561050
orders,3368,INVALID_STATUS,2026-08-12T13:41:37.561082
orders,9856,INVALID_STATUS,2026-08-12T13:41:37.561111
orders,17600,INVALID_STATUS,2026-08-12T13:41:37.561142
orders,7528,INVALID_STATUS,2026-08-12T13:41:37.561172
orders,5007,INVALID_STATUS,2026-08-12T13:41:37.561201
orders,9590,INVALID_STATUS,2026-08-12T13:41:37.561232
orders,24035,INVALID_STATUS,2026-08-12T13:41:37.561268
orders,17818,INVALID_STATUS,2026-08-12T13:41:37.561298
orders,12262,INVALID_STATUS,2026-08-12T13:41:37.561327
orders,7647,INVALID_STATUS,2026-08-12T13:41:37.561357
orders,28179,INVALID_STATUS,2026-08-12T13:41:37.561429
orders,2021,INVALID_STATUS,2026-08-12T13:41:37.561646
orders,2492,INVALID_STATUS,2026-08-12T13:41:37.561833
orders,24434,INVALID_STATUS,2026-08-12T13:41:37.561998
orders,24157,INVALID_STATUS,2026-08-12T13:41:37.562062
orders,5222,INVALID_STATUS,2026-08-12T13:41:37.562108
orders,18690,INVALID_STATUS,2026-08-12T13:41:37.562193
orders,10374,INVALID_STATUS,2026-08-12T13:41:37.562240
orders,23599,INVALID_STATUS,2026-08-12T13:41:37.562279
orders,21266,INVALID_STATUS,2026-08-12T13:41:37.562314
orders,17130,INVALID_STATUS,2026-08-12T13:41:37.562349
orders,20122,INVALID_STATUS,2026-08-12T13:41:37.562383
orders,7813,INVALID_STATUS,2026-08-12T13:41:37.562419
orders,21430,INVALID_STATUS,2026-08-12T13:41:37.562454
orders,21672,INVALID_STATUS,2026-08-12T13:41:37.562490
orders,22962,INVALID_STATUS,2026-08-12T13:41:37.562524
orders,19796,INVALID_STATUS,2026-08-12T13:41:37.562566
orders,321,INVALID_STATUS,2026-08-12T13:41:37.562606
orders,27074,INVALID_STATUS,2026-08-12T13:41:37.562643
orders,9481,INVALID_STATUS,2026-08-12T13:41:37.562678
orders,6730,INVALID_STATUS,2026-08-12T13:41:37.562718
orders,15057,INVALID_STATUS,2026-08-12T13:41:37.562772
orders,25515,INVALID_STATUS,2026-08-12T13:41:37.562941
orders,17436,INVALID_STATUS,2026-08-12T13:41:37.563313
orders,21786,INVALID_STATUS,2026-08-12T13:41:37.563391
orders,22828,INVALID_STATUS,2026-08-12T13:41:37.563436
orders,8256,INVALID_STATUS,2026-08-12T13:41:37.563475
orders,9990,INVALID_STATUS,2026-08-12T13:41:37.563511
orders,25502,INVALID_STATUS,2026-08-12T13:41:37.563545
orders,24729,INVALID_STATUS,2026-08-12T13:41:37.563579
orders,8903,INVALID_STATUS,2026-08-12T13:41:37.563612
orders,6000,INVALID_STATUS,2026-08-12T13:41:37.563644
orders,11133,INVALID_STATUS,2026-08-12T13:41:37.563691
orders,5033,INVALID_STATUS,2026-08-12T13:41:37.563722
orders,10703,INVALID_STATUS,2026-08-12T13:41:37.563787
orders,13337,INVALID_STATUS,2026-08-12T13:41:37.563828
orders,27338,INVALID_STATUS,2026-08-12T13:41:37.563862
orders,20860,INVALID_STATUS,2026-08-12T13:41:37.563894
orders,26425,INVALID_STATUS,2026-08-12T13:41:37.563926
orders,1602,INVALID_STATUS,2026-08-12T13:41:37.564013
orders,13678,INVALID_STATUS,2026-08-12T13:41:37.564052
orders,13973,INVALID_STATUS,2026-08-12T13:41:37.564085
orders,10821,INVALID_STATUS,2026-08-12T13:41:37.564116
orders,5320,INVALID_STATUS,2026-08-12T13:41:37.564147
orders,19317,INVALID_STATUS,2026-08-12T13:41:37.564178
orders,25891,INVALID_STATUS,2026-08-12T13:41:37.564207
orders,6776,INVALID_STATUS,2026-08-12T13:41:37.564241
orders,465,INVALID_STATUS,2026-08-12T13:41:37.564273
orders,18880,INVALID_STATUS,2026-08-12T13:41:37.564302
orders,20865,INVALID_STATUS,2026-08-12T13:41:37.564332
orders,19442,INVALID_STATUS,2026-08-12T13:41:37.564361
orders,9238,INVALID_STATUS,2026-08-12T13:41:37.564390
orders,3759,INVALID_STATUS,2026-08-12T13:41:37.564420
orders,11548,INVALID_STATUS,2026-08-12T13:41:37.564451
orders,9346,INVALID_STATUS,2026-08-12T13:41:37.564487
orders,18918,INVALID_STATUS,2026-08-12T13:41:37.564520
orders,3219,INVALID_STATUS,2026-08-12T13:41:37.564549
orders,3479,INVALID_STATUS,2026-08-12T13:41:37.564580
orders,16767,INVALID_STATUS,2026-08-12T13:41:37.564611
orders,15050,INVALID_STATUS,2026-08-12T13:41:37.564641
orders,13565,INVALID_STATUS,2026-08-12T13:41:37.564675
orders,5045,INVALID_STATUS,2026-08-12T13:41:37.564706
orders,9201,INVALID_STATUS,2026-08-12T13:41:37.564769
orders,24418,INVALID_STATUS,2026-08-12T13:41:37.564810
orders,20208,INVALID_STATUS,2026-08-12T13:41:37.564848
orders,10184,INVALID_STATUS,2026-08-12T13:41:37.564888
orders,15022,INVALID_STATUS,2026-08-12T13:41:37.564925
orders,21071,INVALID_STATUS,2026-08-12T13:41:37.565007
orders,8368,INVALID_STATUS,2026-08-12T13:41:37.565054
orders,14395,INVALID_STATUS,2026-08-12T13:41:37.565090
orders,24443,INVALID_STATUS,2026-08-12T13:41:37.565126
orders,13355,INVALID_STATUS,2026-08-12T13:41:37.565162
orders,4103,INVALID_STATUS,2026-08-12T13:41:37.565195
orders,19436,INVALID_STATUS,2026-08-12T13:41:37.565227
orders,26567,INVALID_STATUS,2026-08-12T13:41:37.565258
orders,4997,INVALID_STATUS,2026-08-12T13:41:37.565290
orders,5862,INVALID_STATUS,2026-08-12T13:41:37.565322
orders,11321,INVALID_STATUS,2026-08-12T13:41:37.565662
orders,2643,INVALID_STATUS,2026-08-12T13:41:37.565717
orders,16867,INVALID_STATUS,2026-08-12T13:41:37.565755
orders,12880,INVALID_STATUS,2026-08-12T13:41:37.565790
orders,1241,INVALID_STATUS,2026-08-12T13:41:37.565823
orders,10085,INVALID_STATUS,2026-08-12T13:41:37.565856
orders,25660,INVALID_STATUS,2026-08-12T13:41:37.565887
orders,14340,INVALID_STATUS,2026-08-12T13:41:37.565919
orders,23034,INVALID_STATUS,2026-08-12T13:41:37.565989
orders,7391,INVALID_STATUS,2026-08-12T13:41:37.566040
orders,2047,INVALID_STATUS,2026-08-12T13:41:37.566072
orders,24177,INVALID_STATUS,2026-08-12T13:41:37.566102
orders,5855,INVALID_STATUS,2026-08-12T13:41:37.566132
orders,4775,INVALID_STATUS,2026-08-12T13:41:37.566162
orders,27429,INVALID_STATUS,2026-08-12T13:41:37.566194
orders,23428,INVALID_STATUS,2026-08-12T13:41:37.566224
orders,19490,INVALID_STATUS,2026-08-12T13:41:37.566254
orders,9482,INVALID_STATUS,2026-08-12T13:41:37.566284
orders,14889,INVALID_STATUS,2026-08-12T13:41:37.566313
orders,3849,INVALID_STATUS,2026-08-12T13:41:37.566342
orders,18357,INVALID_STATUS,2026-08-12T13:41:37.566370
orders,8889,INVALID_STATUS,2026-08-12T13:41:37.566399
orders,20354,INVALID_STATUS,2026-08-12T13:41:37.566428
orders,17056,INVALID_STATUS,2026-08-12T13:41:37.566455
orders,8123,INVALID_STATUS,2026-08-12T13:41:37.566484
orders,26493,INVALID_STATUS,2026-08-12T13:41:37.566512
orders,600,INVALID_STATUS,2026-08-12T13:41:37.566542
orders,14112,INVALID_STATUS,2026-08-12T13:41:37.566571
orders,17768,INVALID_STATUS,2026-08-12T13:41:37.566600
orders,26509,INVALID_STATUS,2026-08-12T13:41:37.566629
orders,21152,INVALID_STATUS,2026-08-12T13:41:37.566657
orders,25053,INVALID_STATUS,2026-08-12T13:41:37.566688
orders,7041,INVALID_STATUS,2026-08-12T13:41:37.566717
orders,11181,INVALID_STATUS,2026-08-12T13:41:37.566764
orders,19994,INVALID_STATUS,2026-08-12T13:41:37.566801
orders,17119,INVALID_STATUS,2026-08-12T13:41:37.566833
orders,10450,INVALID_STATUS,2026-08-12T13:41:37.566862
orders,17040,INVALID_STATUS,2026-08-12T13:41:37.566891
orders,21539,INVALID_STATUS,2026-08-12T13:41:37.566921
orders,2300,INVALID_STATUS,2026-08-12T13:41:37.566978
orders,5984,INVALID_STATUS,2026-08-12T13:41:37.567017
orders,5894,INVALID_STATUS,2026-08-12T13:41:37.567051
orders,927,INVALID_STATUS,2026-08-12T13:41:37.567082
orders,24503,INVALID_STATUS,2026-08-12T13:41:37.567113
orders,4281,INVALID_STATUS,2026-08-12T13:41:37.567142
orders,10917,INVALID_STATUS,2026-08-12T13:41:37.567173
orders,26397,INVALID_STATUS,2026-08-12T13:41:37.567203
orders,9982,INVALID_STATUS,2026-08-12T13:41:37.567235
orders,20451,INVALID_STATUS,2026-08-12T13:41:37.567265
orders,24478,INVALID_STATUS,2026-08-12T13:41:37.567294
orders,2613,INVALID_STATUS,2026-08-12T13:41:37.567321
orders,15710,INVALID_STATUS,2026-08-12T13:41:37.567350
orders,15442,INVALID_STATUS,2026-08-12T13:41:37.567378
orders,27027,INVALID_STATUS,2026-08-12T13:41:37.567406
orders,16615,INVALID_STATUS,2026-08-12T13:41:37.567435
orders,2543,INVALID_STATUS,2026-08-12T13:41:37.567463
orders,1646,INVALID_STATUS,2026-08-12T13:41:37.567492
orders,21571,INVALID_STATUS,2026-08-12T13:41:37.567521
orders,7340,INVALID_STATUS,2026-08-12T13:41:37.567549
orders,3336,INVALID_STATUS,2026-08-12T13:41:37.567578
orders,20995,INVALID_STATUS,2026-08-12T13:41:37.567608
orders,10631,INVALID_STATUS,2026-08-12T13:41:37.567638
orders,22439,INVALID_STATUS,2026-08-12T13:41:37.567666
orders,2427,INVALID_STATUS,2026-08-12T13:41:37.567695
orders,4203,INVALID_STATUS,2026-08-12T13:41:37.567724
orders,14227,INVALID_STATUS,2026-08-12T13:41:37.567753
orders,4716,INVALID_STATUS,2026-08-12T13:41:37.567782
orders,27450,INVALID_STATUS,2026-08-12T13:41:37.567811
orders,8253,INVALID_STATUS,2026-08-12T13:41:37.567841
orders,122,INVALID_STATUS,2026-08-12T13:41:37.567872
orders,25130,INVALID_STATUS,2026-08-12T13:41:37.567901
orders,2769,INVALID_STATUS,2026-08-12T13:41:37.567929
orders,21347,INVALID_STATUS,2026-08-12T13:41:37.567992
orders,21217,INVALID_STATUS,2026-08-12T13:41:37.568030
orders,7421,INVALID_STATUS,2026-08-12T13:41:37.568062
orders,8295,INVALID_STATUS,2026-08-12T13:41:37.568095
orders,22630,INVALID_STATUS,2026-08-12T13:41:37.568125
orders,1200,INVALID_STATUS,2026-08-12T13:41:37.568155
orders,1705,INVALID_STATUS,2026-08-12T13:41:37.568184
orders,24370,INVALID_STATUS,2026-08-12T13:41:37.568213
orders,28207,INVALID_STATUS,2026-08-12T13:41:37.568241
orders,27248,INVALID_STATUS,2026-08-12T13:41:37.568270
orders,2397,INVALID_STATUS,2026-08-12T13:41:37.568299
orders,18473,INVALID_STATUS,2026-08-12T13:41:37.568326
orders,13552,INVALID_STATUS,2026-08-12T13:41:37.568356
orders,13556,INVALID_STATUS,2026-08-12T13:41:37.568384
orders,19967,INVALID_STATUS,2026-08-12T13:41:37.568413
orders,14777,INVALID_STATUS,2026-08-12T13:41:37.568441
orders,25352,INVALID_STATUS,2026-08-12T13:41:37.568468
orders,19576,INVALID_STATUS,2026-08-12T13:41:37.568497
orders,3569,INVALID_STATUS,2026-08-12T13:41:37.568525
orders,10813,INVALID_STATUS,2026-08-12T13:41:37.568554
orders,4121,INVALID_STATUS,2026-08-12T13:41:37.568582
orders,15363,INVALID_STATUS,2026-08-12T13:41:37.568610
orders,21664,INVALID_STATUS,2026-08-12T13:41:37.568639
orders,18020,INVALID_STATUS,2026-08-12T13:41:37.568667
orders,1285,INVALID_STATUS,2026-08-12T13:41:37.568695
orders,10200,INVALID_STATUS,2026-08-12T13:41:37.568724
orders,17722,INVALID_STATUS,2026-08-12T13:41:37.568770
orders,6874,INVALID_STATUS,2026-08-12T13:41:37.568805
orders,15689,INVALID_STATUS,2026-08-12T13:41:37.568837
orders,6069,INVALID_STATUS,2026-08-12T13:41:37.568867
orders,17336,INVALID_STATUS,2026-08-12T13:41:37.568897
orders,21162,INVALID_STATUS,2026-08-12T13:41:37.568926
orders,8690,INVALID_STATUS,2026-08-12T13:41:37.568987
orders,793,INVALID_STATUS,2026-08-12T13:41:37.569020
orders,8795,INVALID_STATUS,2026-08-12T13:41:37.569052
orders,7394,INVALID_STATUS,2026-08-12T13:41:37.569082
orders,17078,INVALID_STATUS,2026-08-12T13:41:37.569111
orders,9036,INVALID_STATUS,2026-08-12T13:41:37.569140
orders,12226,INVALID_STATUS,2026-08-12T13:41:37.569171
orders,21917,INVALID_STATUS,2026-08-12T13:41:37.569205
orders,18272,INVALID_STATUS,2026-08-12T13:41:37.569236
orders,3568,INVALID_STATUS,2026-08-12T13:41:37.569269
orders,119,INVALID_STATUS,2026-08-12T13:41:37.569302
orders,3628,INVALID_STATUS,2026-08-12T13:41:37.569333
orders,4929,INVALID_STATUS,2026-08-12T13:41:37.569362
orders,22527,INVALID_STATUS,2026-08-12T13:41:37.569393
orders,12170,INVALID_STATUS,2026-08-12T13:41:37.569422
orders,4016,INVALID_STATUS,2026-08-12T13:41:37.569452
orders,6963,INVALID_STATUS,2026-08-12T13:41:37.569482
orders,23232,INVALID_STATUS,2026-08-12T13:41:37.569511
orders,4582,INVALID_STATUS,2026-08-12T13:41:37.569540
orders,20350,INVALID_STATUS,2026-08-12T13:41:37.569570
orders,12281,INVALID_STATUS,2026-08-12T13:41:37.569599
orders,16049,INVALID_STATUS,2026-08-12T13:41:37.569627
orders,1513,INVALID_STATUS,2026-08-12T13:41:37.569656
orders,13202,INVALID_STATUS,2026-08-12T13:41:37.569684
orders,21066,INVALID_STATUS,2026-08-12T13:41:37.569713
orders,23724,INVALID_STATUS,2026-08-12T13:41:37.569741
orders,17122,INVALID_STATUS,2026-08-12T13:41:37.569770
orders,4059,INVALID_STATUS,2026-08-12T13:41:37.569799
orders,23666,INVALID_STATUS,2026-08-12T13:41:37.569827
orders,8544,INVALID_STATUS,2026-08-12T13:41:37.569857
orders,14279,INVALID_STATUS,2026-08-12T13:41:37.569886
orders,17337,INVALID_STATUS,2026-08-12T13:41:37.569914
orders,7879,INVALID_STATUS,2026-08-12T13:41:37.569967
orders,4542,INVALID_STATUS,2026-08-12T13:41:37.570006
orders,11118,INVALID_STATUS,2026-08-12T13:41:37.570038
orders,3663,INVALID_STATUS,2026-08-12T13:41:37.570069
orders,8575,INVALID_STATUS,2026-08-12T13:41:37.570098
orders,13988,INVALID_STATUS,2026-08-12T13:41:37.570128
orders,7119,INVALID_STATUS,2026-08-12T13:41:37.570157
orders,18085,INVALID_STATUS,2026-08-12T13:41:37.570187
orders,27092,INVALID_STATUS,2026-08-12T13:41:37.570216
orders,27759,INVALID_STATUS,2026-08-12T13:41:37.570244
orders,4129,INVALID_STATUS,2026-08-12T13:41:37.570272
orders,2578,INVALID_STATUS,2026-08-12T13:41:37.570302
orders,19380,INVALID_STATUS,2026-08-12T13:41:37.570331
orders,25966,INVALID_STATUS,2026-08-12T13:41:37.570360
orders,11706,INVALID_STATUS,2026-08-12T13:41:37.570389
orders,25526,INVALID_STATUS,2026-08-12T13:41:37.570418
orders,15668,INVALID_STATUS,2026-08-12T13:41:37.570447
orders,5468,INVALID_STATUS,2026-08-12T13:41:37.570475
orders,1891,INVALID_STATUS,2026-08-12T13:41:37.570504
orders,17776,INVALID_STATUS,2026-08-12T13:41:37.570531
orders,18586,INVALID_STATUS,2026-08-12T13:41:37.570560
orders,24105,INVALID_STATUS,2026-08-12T13:41:37.570588
orders,9102,INVALID_STATUS,2026-08-12T13:41:37.570618
orders,7799,INVALID_STATUS,2026-08-12T13:41:37.570647
orders,3378,INVALID_STATUS,2026-08-12T13:41:37.570676
orders,22203,INVALID_STATUS,2026-08-12T13:41:37.570704
orders,18010,INVALID_STATUS,2026-08-12T13:41:37.570732
orders,25804,INVALID_STATUS,2026-08-12T13:41:37.570781
orders,4645,INVALID_STATUS,2026-08-12T13:41:37.570816
orders,13123,INVALID_STATUS,2026-08-12T13:41:37.570847
orders,16590,INVALID_STATUS,2026-08-12T13:41:37.570877
orders,27584,INVALID_STATUS,2026-08-12T13:41:37.570908
orders,9024,INVALID_STATUS,2026-08-12T13:41:37.570970
orders,19863,INVALID_STATUS,2026-08-12T13:41:37.571010
orders,24473,INVALID_STATUS,2026-08-12T13:41:37.571043
orders,17744,INVALID_STATUS,2026-08-12T13:41:37.571074
orders,23286,INVALID_STATUS,2026-08-12T13:41:37.571106
orders,1053,INVALID_STATUS,2026-08-12T13:41:37.571138
orders,6330,INVALID_STATUS,2026-08-12T13:41:37.571171
orders,26258,INVALID_STATUS,2026-08-12T13:41:37.571200
orders,23189,INVALID_STATUS,2026-08-12T13:41:37.571229
orders,682,INVALID_STATUS,2026-08-12T13:41:37.571259
orders,23288,INVALID_STATUS,2026-08-12T13:41:37.571288
orders,19149,INVALID_STATUS,2026-08-12T13:41:37.571320
orders,1842,INVALID_STATUS,2026-08-12T13:41:37.571348
orders,18443,INVALID_STATUS,2026-08-12T13:41:37.571377
orders,21962,INVALID_STATUS,2026-08-12T13:41:37.571407
orders,27591,INVALID_STATUS,2026-08-12T13:41:37.571437
orders,2138,INVALID_STATUS,2026-08-12T13:41:37.571466
orders,24477,INVALID_STATUS,2026-08-12T13:41:37.571495
orders,27120,INVALID_STATUS,2026-08-12T13:41:37.571524
orders,17696,INVALID_STATUS,2026-08-12T13:41:37.571553
orders,8701,INVALID_STATUS,2026-08-12T13:41:37.571581
orders,5205,INVALID_STATUS,2026-08-12T13:41:37.571610
orders,22848,INVALID_STATUS,2026-08-12T13:41:37.571639
orders,18400,INVALID_STATUS,2026-08-12T13:41:37.571667
orders,9893,INVALID_STATUS,2026-08-12T13:41:37.571697
orders,7266,INVALID_STATUS,2026-08-12T13:41:37.571726
orders,15715,INVALID_STATUS,2026-08-12T13:41:37.571756
orders,22739,INVALID_STATUS,2026-08-12T13:41:37.571785
orders,18979,INVALID_STATUS,2026-08-12T13:41:37.571814
orders,2847,INVALID_STATUS,2026-08-12T13:41:37.571843
orders,16041,INVALID_STATUS,2026-08-12T13:41:37.571874
orders,2259,INVALID_STATUS,2026-08-12T13:41:37.571904
orders,12767,INVALID_STATUS,2026-08-12T13:41:37.571963
orders,12735,INVALID_STATUS,2026-08-12T13:41:37.572004
orders,7065,INVALID_STATUS,2026-08-12T13:41:37.572036
orders,22887,INVALID_STATUS,2026-08-12T13:41:37.572065
orders,7471,INVALID_STATUS,2026-08-12T13:41:37.572094
orders,24833,INVALID_STATUS,2026-08-12T13:41:37.572123
orders,18061,INVALID_STATUS,2026-08-12T13:41:37.572153
orders,11875,INVALID_STATUS,2026-08-12T13:41:37.572182
orders,5533,INVALID_STATUS,2026-08-12T13:41:37.572213
orders,6391,INVALID_STATUS,2026-08-12T13:41:37.572241
orders,9111,INVALID_STATUS,2026-08-12T13:41:37.572271
orders,25691,INVALID_STATUS,2026-08-12T13:41:37.572299
orders,22377,INVALID_STATUS,2026-08-12T13:41:37.572327
orders,22889,INVALID_STATUS,2026-08-12T13:41:37.572357
orders,17831,INVALID_STATUS,2026-08-12T13:41:37.572385
orders,17553,INVALID_STATUS,2026-08-12T13:41:37.572413
orders,8308,INVALID_STATUS,2026-08-12T13:41:37.572442
orders,21159,INVALID_STATUS,2026-08-12T13:41:37.572471
orders,1118,INVALID_STATUS,2026-08-12T13:41:37.572500
orders,18691,INVALID_STATUS,2026-08-12T13:41:37.572531
orders,14470,INVALID_STATUS,2026-08-12T13:41:37.572562
orders,25677,INVALID_STATUS,2026-08-12T13:41:37.572591
orders,13835,INVALID_STATUS,2026-08-12T13:41:37.572621
orders,10804,INVALID_STATUS,2026-08-12T13:41:37.572650
orders,1971,INVALID_STATUS,2026-08-12T13:41:37.572680
orders,7529,INVALID_STATUS,2026-08-12T13:41:37.572710
orders,7149,INVALID_STATUS,2026-08-12T13:41:37.572740
orders,24888,INVALID_STATUS,2026-08-12T13:41:37.572791
orders,136,INVALID_STATUS,2026-08-12T13:41:37.572826
orders,16399,INVALID_STATUS,2026-08-12T13:41:37.572857
orders,23760,INVALID_STATUS,2026-08-12T13:41:37.572886
orders,7158,INVALID_STATUS,2026-08-12T13:41:37.572918
orders,23149,INVALID_STATUS,2026-08-12T13:41:37.572971
orders,6382,INVALID_STATUS,2026-08-12T13:41:37.573008
orders,20153,INVALID_STATUS,2026-08-12T13:41:37.573038
orders,15843,INVALID_STATUS,2026-08-12T13:41:37.573069
orders,16307,INVALID_STATUS,2026-08-12T13:41:37.573100
orders,26065,INVALID_STATUS,2026-08-12T13:41:37.573130
orders,8591,INVALID_STATUS,2026-08-12T13:41:37.573162
orders,8901,INVALID_STATUS,2026-08-12T13:41:37.573191
orders,24018,INVALID_STATUS,2026-08-12T13:41:37.573220
orders,22434,INVALID_STATUS,2026-08-12T13:41:37.573249
orders,7905,INVALID_STATUS,2026-08-12T13:41:37.573277
orders,2098,INVALID_STATUS,2026-08-12T13:41:37.573308
orders,1588,INVALID_STATUS,2026-08-12T13:41:37.573337
orders,27397,INVALID_STATUS,2026-08-12T13:41:37.573366
orders,1730,INVALID_STATUS,2026-08-12T13:41:37.573395
orders,18283,INVALID_STATUS,2026-08-12T13:41:37.573424
orders,22484,INVALID_STATUS,2026-08-12T13:41:37.573451
orders,13950,INVALID_STATUS,2026-08-12T13:41:37.573479
orders,21114,INVALID_STATUS,2026-08-12T13:41:37.573507
orders,816,INVALID_STATUS,2026-08-12T13:41:37.573535
orders,4354,INVALID_STATUS,2026-08-12T13:41:37.573563
orders,17005,INVALID_STATUS,2026-08-12T13:41:37.573591
orders,2378,INVALID_STATUS,2026-08-12T13:41:37.573619
orders,16295,INVALID_STATUS,2026-08-12T13:41:37.573647
orders,25008,INVALID_STATUS,2026-08-12T13:41:37.573675
loans,4864,INVALID_DUE_DATE,2026-08-12T13:41:37.770567
loans,5372,INVALID_DUE_DATE,2026-08-12T13:41:37.770677
loans,6507,INVALID_DUE_DATE,2026-08-12T13:41:37.770731
loans,7924,INVALID_DUE_DATE,2026-08-12T13:41:37.770769
loans,5022,INVALID_DUE_DATE,2026-08-12T13:41:37.770807
loans,5289,INVALID_DUE_DATE,2026-08-12T13:41:37.770840
loans,5945,INVALID_DUE_DATE,2026-08-12T13:41:37.770870
loans,6682,INVALID_DUE_DATE,2026-08-12T13:41:37.770900
loans,3797,INVALID_DUE_DATE,2026-08-12T13:41:37.770931
loans,2961,INVALID_DUE_DATE,2026-08-12T13:41:37.770960
loans,4669,INVALID_DUE_DATE,2026-08-12T13:41:37.770988
loans,1473,INVALID_DUE_DATE,2026-08-12T13:41:37.771017
loans,2031,INVALID_DUE_DATE,2026-08-12T13:41:37.771046
loans,1362,INVALID_DUE_DATE,2026-08-12T13:41:37.771075
loans,662,INVALID_DUE_DATE,2026-08-12T13:41:37.771103
loans,1354,INVALID_DUE_DATE,2026-08-12T13:41:37.771131
loans,2560,INVALID_DUE_DATE,2026-08-12T13:41:37.771160
loans,6325,INVALID_DUE_DATE,2026-08-12T13:41:37.771188
loans,3674,INVALID_DUE_DATE,2026-08-12T13:41:37.771217
loans,7771,INVALID_DUE_DATE,2026-08-12T13:41:37.771245
loans,2042,INVALID_DUE_DATE,2026-08-12T13:41:37.771274
loans,5082,INVALID_DUE_DATE,2026-08-12T13:41:37.771303
loans,4888,INVALID_DUE_DATE,2026-08-12T13:41:37.771332
loans,8254,INVALID_DUE_DATE,2026-08-12T13:41:37.771360
loans,565,INVALID_DUE_DATE,2026-08-12T13:41:37.771388
loans,319,INVALID_DUE_DATE,2026-08-12T13:41:37.771417
loans,2541,INVALID_DUE_DATE,2026-08-12T13:41:37.771445
loans,4488,INVALID_DUE_DATE,2026-08-12T13:41:37.771475
loans,558,INVALID_DUE_DATE,2026-08-12T13:41:37.771504
loans,5613,INVALID_DUE_DATE,2026-08-12T13:41:37.771533
loans,2210,INVALID_DUE_DATE,2026-08-12T13:41:37.771560
loans,3274,INVALID_DUE_DATE,2026-08-12T13:41:37.771588
loans,2621,INVALID_DUE_DATE,2026-08-12T13:41:37.771646
loans,3705,INVALID_DUE_DATE,2026-08-12T13:41:37.771688
loans,3679,INVALID_DUE_DATE,2026-08-12T13:41:37.771720
loans,3458,INVALID_DUE_DATE,2026-08-12T13:41:37.771748
loans,2487,INVALID_DUE_DATE,2026-08-12T13:41:37.771777
loans,5991,INVALID_DUE_DATE,2026-08-12T13:41:37.771805
loans,826,INVALID_DUE_DATE,2026-08-12T13:41:37.771834
loans,9359,INVALID_DUE_DATE,2026-08-12T13:41:37.771862
loans,4885,INVALID_DUE_DATE,2026-08-12T13:41:37.771889
loans,1766,INVALID_DUE_DATE,2026-08-12T13:41:37.771917
loans,5393,INVALID_DUE_DATE,2026-08-12T13:41:37.771945
loans,6676,INVALID_DUE_DATE,2026-08-12T13:41:37.771973
loans,5743,INVALID_DUE_DATE,2026-08-12T13:41:37.772028
loans,3038,INVALID_DUE_DATE,2026-08-12T13:41:37.772060
loans,5492,INVALID_DUE_DATE,2026-08-12T13:41:37.772090
loans,584,INVALID_DUE_DATE,2026-08-12T13:41:37.772121
loans,5928,INVALID_DUE_DATE,2026-08-12T13:41:37.772150
loans,6409,INVALID_DUE_DATE,2026-08-12T13:41:37.772179
loans,4957,INVALID_DUE_DATE,2026-08-12T13:41:37.772209
loans,4395,INVALID_DUE_DATE,2026-08-12T13:41:37.772238
loans,5695,INVALID_DUE_DATE,2026-08-12T13:41:37.772266
loans,2763,INVALID_DUE_DATE,2026-08-12T13:41:37.772295
loans,4476,INVALID_DUE_DATE,2026-08-12T13:41:37.772324
loans,8304,INVALID_DUE_DATE,2026-08-12T13:41:37.772357
loans,2726,INVALID_DUE_DATE,2026-08-12T13:41:37.772386
loans,7168,INVALID_DUE_DATE,2026-08-12T13:41:37.772416
loans,8318,INVALID_DUE_DATE,2026-08-12T13:41:37.772448
loans,3357,INVALID_DUE_DATE,2026-08-12T13:41:37.772477
loans,7389,INVALID_DUE_DATE,2026-08-12T13:41:37.772505
loans,2308,INVALID_DUE_DATE,2026-08-12T13:41:37.772534
loans,3659,INVALID_DUE_DATE,2026-08-12T13:41:37.772562
loans,575,INVALID_DUE_DATE,2026-08-12T13:41:37.772590
loans,3649,INVALID_DUE_DATE,2026-08-12T13:41:37.772644
loans,7332,INVALID_DUE_DATE,2026-08-12T13:41:37.772686
loans,7428,INVALID_DUE_DATE,2026-08-12T13:41:37.772717
loans,7502,INVALID_DUE_DATE,2026-08-12T13:41:37.772749
loans,1615,INVALID_DUE_DATE,2026-08-12T13:41:37.772779
loans,588,INVALID_DUE_DATE,2026-08-12T13:41:37.772808
loans,624,INVALID_DUE_DATE,2026-08-12T13:41:37.772837
loans,4205,INVALID_DUE_DATE,2026-08-12T13:41:37.772865
loans,2525,INVALID_DUE_DATE,2026-08-12T13:41:37.772894
loans,3580,INVALID_DUE_DATE,2026-08-12T13:41:37.772922
loans,7985,INVALID_DUE_DATE,2026-08-12T13:41:37.772952
loans,4255,INVALID_DUE_DATE,2026-08-12T13:41:37.772980
reviews,63,INVALID_RATING,2026-08-12T13:41:37.872417
reviews,1319,INVALID_RATING,2026-08-12T13:41:37.872479
reviews,3397,INVALID_RATING,2026-08-12T13:41:37.872521
reviews,1307,INVALID_RATING,2026-08-12T13:41:37.872560
reviews,750,INVALID_RATING,2026-08-12T13:41:37.872596
reviews,5225,INVALID_RATING,2026-08-12T13:41:37.872630
reviews,4279,INVALID_RATING,2026-08-12T13:41:37.872663
reviews,4418,INVALID_RATING,2026-08-12T13:41:37.872695
reviews,3434,INVALID_RATING,2026-08-12T13:41:37.872727
reviews,2025,INVALID_RATING,2026-08-12T13:41:37.872757
reviews,5365,INVALID_RATING,2026-08-12T13:41:37.872788
reviews,3364,INVALID_RATING,2026-08-12T13:41:37.872818
reviews,1494,INVALID_RATING,2026-08-12T13:41:37.872868
reviews,1643,INVALID_RATING,2026-08-12T13:41:37.872909
reviews,3594,INVALID_RATING,2026-08-12T13:41:37.872941
reviews,710,INVALID_RATING,2026-08-12T13:41:37.872970
reviews,1283,INVALID_RATING,2026-08-12T13:41:37.873000
reviews,1657,INVALID_RATING,2026-08-12T13:41:37.873029
reviews,1990,INVALID_RATING,2026-08-12T13:41:37.873058
reviews,3039,INVALID_RATING,2026-08-12T13:41:37.873088
reviews,3538,INVALID_RATING,2026-08-12T13:41:37.873118
reviews,3269,INVALID_RATING,2026-08-12T13:41:37.873195
reviews,5132,INVALID_RATING,2026-08-12T13:41:37.873234
reviews,1312,INVALID_RATING,2026-08-12T13:41:37.873266
reviews,2069,INVALID_RATING,2026-08-12T13:41:37.873298
reviews,3456,INVALID_RATING,2026-08-12T13:41:37.873328
reviews,161,INVALID_RATING,2026-08-12T13:41:37.873359
reviews,1699,INVALID_RATING,2026-08-12T13:41:37.873389
reviews,2336,INVALID_RATING,2026-08-12T13:41:37.873420
reviews,3477,INVALID_RATING,2026-08-12T13:41:37.873450
reviews,4159,INVALID_RATING,2026-08-12T13:41:37.873480
reviews,4577,INVALID_RATING,2026-08-12T13:41:37.873509
reviews,1198,INVALID_RATING,2026-08-12T13:41:37.873541
reviews,2237,INVALID_RATING,2026-08-12T13:41:37.873572
reviews,1742,INVALID_RATING,2026-08-12T13:41:37.873604
reviews,1322,INVALID_RATING,2026-08-12T13:41:37.873635
reviews,5216,INVALID_RATING,2026-08-12T13:41:37.873665
reviews,23,INVALID_RATING,2026-08-12T13:41:37.873693
reviews,2932,INVALID_RATING,2026-08-12T13:41:37.873723
reviews,657,INVALID_RATING,2026-08-12T13:41:37.873752
reviews,3739,INVALID_RATING,2026-08-12T13:41:37.873781
reviews,3711,INVALID_RATING,2026-08-12T13:41:37.873810
reviews,4732,INVALID_RATING,2026-08-12T13:41:37.873840
reviews,4857,INVALID_RATING,2026-08-12T13:41:37.873868
reviews,2177,INVALID_RATING,2026-08-12T13:41:37.873898
reviews,3236,INVALID_RATING,2026-08-12T13:41:37.873926
reviews,3738,INVALID_RATING,2026-08-12T13:41:37.873953
reviews,3978,INVALID_RATING,2026-08-12T13:41:37.873982
reviews,1593,INVALID_RATING,2026-08-12T13:41:37.874011
reviews,2851,INVALID_RATING,2026-08-12T13:41:37.874041
reviews,4109,INVALID_RATING,2026-08-12T13:41:37.874070
reviews,828,INVALID_RATING,2026-08-12T13:41:37.874099
reviews,677,INVALID_RATING,2026-08-12T13:41:37.874153
reviews,1069,INVALID_RATING,2026-08-12T13:41:37.874195
reviews,1886,INVALID_RATING,2026-08-12T13:41:37.874247
reviews,5222,INVALID_RATING,2026-08-12T13:41:37.874282
reviews,1841,INVALID_RATING,2026-08-12T13:41:37.874314
reviews,1709,INVALID_RATING,2026-08-12T13:41:37.874345
reviews,1882,INVALID_RATING,2026-08-12T13:41:37.874375
reviews,1687,INVALID_RATING,2026-08-12T13:41:37.874404
reviews,4333,INVALID_RATING,2026-08-12T13:41:37.874433
reviews,1164,INVALID_RATING,2026-08-12T13:41:37.874461
reviews,3707,INVALID_RATING,2026-08-12T13:41:37.874494
reviews,3431,INVALID_RATING,2026-08-12T13:41:37.874523
reviews,5447,INVALID_RATING,2026-08-12T13:41:37.874552
reviews,2547,INVALID_RATING,2026-08-12T13:41:37.874581
reviews,3615,INVALID_RATING,2026-08-12T13:41:37.874610
reviews,5493,INVALID_RATING,2026-08-12T13:41:37.874639
reviews,4583,INVALID_RATING,2026-08-12T13:41:37.874669
reviews,4579,INVALID_RATING,2026-08-12T13:41:37.874697
reviews,947,INVALID_RATING,2026-08-12T13:41:37.874725
reviews,1344,INVALID_RATING,2026-08-12T13:41:37.874753
reviews,4933,INVALID_RATING,2026-08-12T13:41:37.874781
reviews,2631,INVALID_RATING,2026-08-12T13:41:37.874810
reviews,4069,INVALID_RATING,2026-08-12T13:41:37.874838
reviews,310,INVALID_RATING,2026-08-12T13:41:37.874866
reviews,4921,INVALID_RATING,2026-08-12T13:41:37.874895
reviews,499,INVALID_RATING,2026-08-12T13:41:37.874923
reviews,4761,INVALID_RATING,2026-08-12T13:41:37.874952
reviews,4605,INVALID_RATING,2026-08-12T13:41:37.874981
reviews,4041,INVALID_RATING,2026-08-12T13:41:37.875010
reviews,4569,INVALID_RATING,2026-08-12T13:41:37.875039
reviews,2364,INVALID_RATING,2026-08-12T13:41:37.875068
reviews,5085,INVALID_RATING,2026-08-12T13:41:37.875097
reviews,3149,INVALID_RATING,2026-08-12T13:41:37.875126
reviews,598,INVALID_RATING,2026-08-12T13:41:37.875195
reviews,3601,INVALID_RATING,2026-08-12T13:41:37.875228
reviews,2144,INVALID_RATING,2026-08-12T13:41:37.875260
reviews,1985,INVALID_RATING,2026-08-12T13:41:37.875293
reviews,3147,INVALID_RATING,2026-08-12T13:41:37.875324
reviews,2049,INVALID_RATING,2026-08-12T13:41:37.875369
reviews,3262,INVALID_RATING,2026-08-12T13:41:37.875412
reviews,4428,INVALID_RATING,2026-08-12T13:41:37.875456
reviews,3511,INVALID_RATING,2026-08-12T13:41:37.875497
reviews,2893,INVALID_RATING,2026-08-12T13:41:37.875538
reviews,2212,INVALID_RATING,2026-08-12T13:41:37.875581
reviews,1313,INVALID_RATING,2026-08-12T13:41:37.875621
reviews,3578,INVALID_RATING,2026-08-12T13:41:37.875663
reviews,3478,INVALID_RATING,2026-08-12T13:41:37.875705
