item_id,order_id,product_id,quantity,unit_price,discount_percent
ITEM000001,ORD000857,PROD00250,2,35570.57,46.29
ITEM000002,ORD000569,PROD00050,8,10652.82,95.59
ITEM000003,ORD000072,PROD00307,2,41161.97,59.64
ITEM000004,ORD000840,PROD00195,6,29708.28,66.02
ITEM000005,ORD000093,PROD00112,3,53246.97,90.33
ITEM000006,ORD000652,PROD00415,1,45448.96,66.09
ITEM000007,ORD000464,PROD00273,5,23459.96,57.79
ITEM000008,ORD000201,PROD00106,6,18054.15,79.43
ITEM000009,ORD000696,PROD00156,7,43095.69,91.51
ITEM000010,ORD000092,PROD00299,1,36728.3,51.04
ITEM000011,ORD000868,PROD00066,5,3838.39,90.11
ITEM000012,ORD000992,PROD00028,1,42230.91,82.08
ITEM000013,ORD000368,PROD00057,5,51954.21,23.52
ITEM000014,ORD000720,PROD00303,7,37550.34,71.18
ITEM000015,ORD000416,PROD00196,7,32752.62,66.25
ITEM000016,ORD000487,PROD00072,4,33369.75,84.33
ITEM000017,ORD000369,PROD00431,7,9340.61,99.75
ITEM000018,ORD000687,PROD00065,3,795.0,64.84
ITEM000019,ORD000148,PROD00370,8,39509.81,97.5
ITEM000020,ORD000140,PROD00044,3,38570.35,41.59
ITEM000021,ORD000467,PROD00458,10,55825.63,62.32
ITEM000022,ORD000466,PROD00261,7,33167.8,45.0
ITEM000023,ORD000364,PROD00116,3,25543.83,0.74
ITEM000024,ORD000511,PROD00434,4,42756.59,26.93
ITEM000025,ORD000949,PROD00280,10,22081.5,97.82
ITEM000026,ORD000582,PROD00248,6,6878.55,48.15
ITEM000027,ORD000708,PROD00041,3,43838.11,52.64
ITEM000028,ORD000880,PROD00385,5,27949.69,7.82
ITEM000029,ORD000912,PROD00313,2,14789.36,63.07
ITEM000030,ORD000680,PROD00492,2,41076.03,53.92
ITEM000031,ORD000594,PROD00160,10,3261.18,34.35
ITEM000032,ORD000798,PROD00006,8,27296.68,90.61
ITEM000033,ORD000588,PROD00376,-2,21239.58,97.78
ITEM000034,ORD000302,PROD00149,3,2216.04,92.29
ITEM000035,ORD000768,PROD00156,10,15700.54,62.93
ITEM000036,ORD000593,PROD00087,10,3192.03,99.04
ITEM000037,ORD000829,PROD00378,10,1735.16,48.48
ITEM000038,ORD000130,PROD00259,2,51101.57,27.78
ITEM000039,ORD000136,PROD00316,5,16585.51,25.7
ITEM000040,ORD000760,PROD00058,10,10559.37,59.18
ITEM000041,ORD000155,PROD00338,8,22249.03,17.54
ITEM000042,ORD000802,PROD00359,4,29146.62,79.94
ITEM000043,ORD000883,PROD00017,6,59045.89,96.73
ITEM000044,ORD000610,PROD00479,3,50273.09,75.28
ITEM000045,ORD000423,PROD00395,7,14353.05,44.02
ITEM000046,ORD000653,PROD00086,4,34707.67,84.18
ITEM000047,ORD000056,PROD00329,5,45353.49,11.6
ITEM000048,ORD000172,PROD00238,7,28626.29,47.63
ITEM000049,ORD000972,PROD00386,9,14096.31,68.35
ITEM000050,ORD000400,PROD00243,5,8794.47,87.03
ITEM000051,ORD000013,PROD00148,8,22982.05,31.57
ITEM000052,ORD000543,PROD00350,1,5932.12,53.13
ITEM000053,ORD000363,PROD00490,7,36668.09,65.21
ITEM000054,ORD000280,PROD00172,5,16098.56,9.83
ITEM000055,ORD000671,PROD00300,7,27720.4,67.53
ITEM000056,ORD000248,PROD00376,10,46252.79,52.0
ITEM000057,ORD000694,PROD00354,3,18864.86,1.06
ITEM000058,ORD000009,PROD00426,2,816.49,9.77
ITEM000059,ORD000107,PROD00351,8,21155.83,72.53
ITEM000060,ORD000258,PROD00099,1,1519.66,9.19
ITEM000061,ORD000962,PROD00305,4,57034.29,63.81
ITEM000062,ORD000726,PROD00491,2,5274.54,60.47
ITEM000063,ORD000385,PROD00337,10,48211.68,18.48
ITEM000064,ORD000114,PROD00357,3,15274.81,46.7
ITEM000065,ORD000959,PROD00039,8,55369.45,27.64
ITEM000066,ORD000438,PROD00355,-2,9801.77,7.4
ITEM000067,ORD000796,PROD00032,7,23376.57,99.6
ITEM000068,ORD000265,PROD00490,5,10757.98,6.94
ITEM000069,ORD000951,PROD00103,10,23618.8,64.55
ITEM000070,ORD000112,PROD00074,9,46145.57,21.84
ITEM000071,ORD000659,PROD00055,8,42952.48,10.33
ITEM000072,ORD000075,PROD00037,10,43679.95,77.72
ITEM000073,ORD000020,PROD00460,8,9016.37,64.03
ITEM000074,ORD000956,PROD00020,7,16059.55,70.01
ITEM000075,ORD000927,PROD00201,10,321.85,70.76
ITEM000076,ORD000790,PROD00252,8,26219.85,84.4
ITEM000077,ORD000800,PROD00416,2,32453.71,0.33
ITEM000078,ORD000978,PROD00353,8,7360.1,53.53
ITEM000079,ORD000368,PROD00171,5,24096.83,63.23
ITEM000080,ORD000982,PROD00332,2,21984.79,85.33
ITEM000081,ORD000349,PROD00042,8,45651.14,29.0
ITEM000082,ORD000208,PROD00091,9,2455.94,38.42
ITEM000083,ORD000196,PROD00154,7,53798.0,63.06
ITEM000084,ORD000368,PROD00250,2,53124.33,43.8
ITEM000085,ORD000195,PROD00072,1,11666.25,71.97
ITEM000086,ORD000608,PROD00123,8,23387.18,79.27
ITEM000087,ORD000659,PROD00158,8,32083.01,83.43
ITEM000088,ORD000461,PROD00495,1,2318.86,5.61
ITEM000089,ORD000807,PROD00370,1,24389.92,21.17
ITEM000090,ORD000670,PROD00342,9,27556.38,67.81
ITEM000091,ORD000896,PROD00275,3,44488.98,23.3
ITEM000092,ORD000074,PROD00019,3,29384.79,1.91
ITEM000093,ORD000929,PROD00471,10,2843.52,70.13
ITEM000094,ORD000134,PROD00008,3,37996.42,90.47
ITEM000095,ORD000841,PROD00407,2,27425.46,17.07
ITEM000096,ORD000606,PROD00033,2,6939.36,59.5
ITEM000097,ORD000631,PROD00113,2,48286.77,42.62
ITEM000098,ORD000831,PROD00428,7,19521.67,97.59
ITEM000099,ORD000590,PROD00280,-2,50201.98,79.31
ITEM000100,ORD000783,PROD00024,10,10489.51,6.32
ITEM000101,ORD000281,PROD00073,7,10166.25,36.99
ITEM000102,ORD000169,PROD00225,4,55547.96,4.07
ITEM000103,ORD000103,PROD00406,10,22630.25,15.78
ITEM000104,ORD000901,PROD00250,2,480.34,17.94
ITEM000105,ORD000092,PROD00362,10,53226.22,41.62
ITEM000106,ORD000827,PROD00406,8,41572.26,20.62
ITEM000107,ORD000656,PROD00139,9,27080.11,23.93
ITEM000108,ORD000179,PROD00313,1,35816.69,71.72
ITEM000109,ORD000627,PROD00487,2,37668.78,78.26
ITEM000110,ORD000357,PROD00215,1,33506.85,19.19
ITEM000111,ORD000543,PROD00049,10,21777.89,76.11
ITEM000112,ORD000553,PROD00260,4,27906.54,62.65
ITEM000113,ORD000214,PROD00142,1,11703.77,79.66
ITEM000114,ORD000702,PROD00433,8,29901.14,15.98
ITEM000115,ORD000945,PROD00023,1,38727.16,28.51
ITEM000116,ORD000446,PROD00129,6,37047.48,89.01
ITEM000117,ORD000465,PROD00023,2,44450.97,92.49
ITEM000118,ORD000181,PROD00081,1,29155.18,11.61
ITEM000119,ORD000917,PROD00121,8,35603.13,32.6
ITEM000120,ORD000204,PROD00383,6,13880.79,11.01
ITEM000121,ORD000234,PROD00051,4,44291.1,86.99
ITEM000122,ORD000385,PROD00457,4,4504.43,58.51
ITEM000123,ORD000056,PROD00456,7,8781.98,92.79
ITEM000124,ORD000466,PROD00092,7,22471.76,45.77
ITEM000125,ORD000199,PROD00324,6,58535.8,20.22
ITEM000126,ORD000131,PROD00017,10,3673.14,13.65
ITEM000127,ORD000873,PROD00239,8,25151.61,76.03
ITEM000128,ORD000226,PROD00454,5,36257.8,78.95
ITEM000129,ORD000654,PROD00488,10,54344.13,57.81
ITEM000130,ORD000567,PROD00438,4,5279.81,85.7
ITEM000131,ORD000501,PROD00442,4,35535.69,83.7
ITEM000132,ORD000286,PROD00008,-3,52368.65,24.78
ITEM000133,ORD000445,PROD00297,4,53520.18,59.18
ITEM000134,ORD000153,PROD00468,10,53905.28,41.78
ITEM000135,ORD000046,PROD00021,8,44035.23,50.42
ITEM000136,ORD000436,PROD00272,7,28808.23,79.8
ITEM000137,ORD000842,PROD00051,8,29767.57,8.31
ITEM000138,ORD000772,PROD00007,7,57001.04,13.27
ITEM000139,ORD000303,PROD00123,2,1054.22,66.9
ITEM000140,ORD000166,PROD00361,8,51489.53,74.73
ITEM000141,ORD000025,PROD00500,8,27879.26,13.86
ITEM000142,ORD000721,PROD00208,3,47412.54,37.04
ITEM000143,ORD000476,PROD00361,1,51636.92,7.07
ITEM000144,ORD000915,PROD00354,6,31902.13,29.66
ITEM000145,ORD000771,PROD00139,10,32591.86,79.45
ITEM000146,ORD000807,PROD00351,2,37265.27,33.57
ITEM000147,ORD000955,PROD00029,9,56724.8,67.47
ITEM000148,ORD000910,PROD00027,2,23039.0,46.54
ITEM000149,ORD000042,PROD00188,6,10598.52,55.88
ITEM000150,ORD000069,PROD00288,4,8390.51,33.49
ITEM000151,ORD000553,PROD00059,8,44269.07,75.23
ITEM000152,ORD000893,PROD00492,4,45215.09,76.09
ITEM000153,ORD000329,PROD00181,5,30263.6,42.29
ITEM000154,ORD000056,PROD00033,6,20779.07,48.62
ITEM000155,ORD000540,PROD00425,2,28262.81,53.19
ITEM000156,ORD000846,PROD00273,5,27173.51,36.81
ITEM000157,ORD000690,PROD00485,2,11382.38,88.4
ITEM000158,ORD000090,PROD00042,7,53886.96,28.84
ITEM000159,ORD000980,PROD00040,2,9969.5,11.2
ITEM000160,ORD000152,PROD00255,3,52512.09,52.07
ITEM000161,ORD000643,PROD00012,5,25050.55,68.24
ITEM000162,ORD000955,PROD00068,8,20867.34,44.39
ITEM000163,ORD000661,PROD00011,5,11424.73,2.2
ITEM000164,ORD000822,PROD00119,9,38715.85,41.17
ITEM000165,ORD000352,PROD00336,-2,35642.1,69.69
ITEM000166,ORD000863,PROD00281,8,27534.62,56.73
ITEM000167,ORD000920,PROD00405,5,10387.05,26.0
ITEM000168,ORD000496,PROD00191,5,46208.01,4.73
ITEM000169,ORD000362,PROD00146,8,57377.21,61.86
ITEM000170,ORD000165,PROD00365,9,17186.27,97.32
ITEM000171,ORD000860,PROD00363,3,9759.16,11.69
ITEM000172,ORD000325,PROD00295,3,26509.23,36.97
ITEM000173,ORD000211,PROD00288,1,39966.64,97.8
ITEM000174,ORD000152,PROD00191,8,32438.01,16.26
ITEM000175,ORD000309,PROD00063,1,24333.28,49.94
ITEM000176,ORD000149,PROD00486,8,55675.9,15.61
ITEM000177,ORD000994,PROD00379,9,58538.5,33.13
ITEM000178,ORD000723,PROD00152,8,53769.05,96.96
ITEM000179,ORD000773,PROD00294,3,47994.61,72.85
ITEM000180,ORD000945,PROD00227,6,41379.9,73.16
ITEM000181,ORD000922,PROD00021,3,40712.7,11.69
ITEM000182,ORD000026,PROD00206,10,50468.53,44.6
ITEM000183,ORD000095,PROD00168,1,36528.26,19.51
ITEM000184,ORD000540,PROD00114,5,11823.37,8.36
ITEM000185,ORD000870,PROD00229,2,58552.79,39.44
ITEM000186,ORD000503,PROD00163,10,36344.16,94.34
ITEM000187,ORD000931,PROD00342,6,23913.72,71.6
ITEM000188,ORD000438,PROD00190,7,22432.59,28.47
ITEM000189,ORD000360,PROD00158,8,52470.67,8.76
ITEM000190,ORD000746,PROD00455,8,44517.51,41.56
ITEM000191,ORD000454,PROD00148,3,48359.8,97.04
ITEM000192,ORD000435,PROD00374,7,8460.1,58.72
ITEM000193,ORD000089,PROD00074,4,18263.55,98.84
ITEM000194,ORD000538,PROD00172,2,55995.86,59.07
ITEM000195,ORD000385,PROD00046,1,24626.69,91.44
ITEM000196,ORD000425,PROD00090,9,27780.99,56.79
ITEM000197,ORD000937,PROD00071,4,11241.78,38.18
ITEM000198,ORD000568,PROD00252,-2,50091.65,30.39
ITEM000199,ORD000573,PROD00379,8,13548.76,79.12
ITEM000200,ORD000158,PROD00135,5,57365.99,83.42
ITEM000201,ORD000484,PROD00064,5,25087.69,49.19
ITEM000202,ORD000705,PROD00331,4,1803.71,76.47
ITEM000203,ORD000505,PROD00497,2,35973.59,36.18
ITEM000204,ORD000493,PROD00290,7,52113.92,62.8
ITEM000205,ORD000488,PROD00499,2,22454.81,73.3
ITEM000206,ORD000018,PROD00433,5,9854.55,5.85
ITEM000207,ORD000328,PROD00237,3,21507.39,5.29
ITEM000208,ORD000370,PROD00215,6,3018.02,29.17
ITEM000209,ORD000655,PROD00480,2,30880.6,76.64
ITEM000210,ORD000188,PROD00392,2,35965.87,16.71
ITEM000211,ORD000331,PROD00447,6,49626.64,68.5
ITEM000212,ORD000309,PROD00139,6,5840.42,58.0
ITEM000213,ORD000844,PROD00074,1,8303.27,28.14
ITEM000214,ORD000798,PROD00249,7,20484.75,91.08
ITEM000215,ORD000105,PROD00112,3,30252.64,83.16
ITEM000216,ORD000815,PROD00460,9,36844.36,83.14
ITEM000217,ORD000539,PROD00434,9,42781.57,70.23
ITEM000218,ORD000822,PROD00059,7,27683.43,7.64
ITEM000219,ORD000839,PROD00068,1,28823.14,31.16
ITEM000220,ORD000372,PROD00072,8,53394.61,59.76
ITEM000221,ORD000782,PROD00497,6,10415.21,30.47
ITEM000222,ORD000763,PROD00418,2,13419.24,85.68
ITEM000223,ORD000146,PROD00353,4,18514.96,20.98
ITEM000224,ORD000081,PROD00218,2,4756.34,77.47
ITEM000225,ORD000776,PROD00221,1,11861.42,3.28
ITEM000226,ORD000676,PROD00263,10,3649.99,11.89
ITEM000227,ORD000260,PROD00023,2,18168.58,1.03
ITEM000228,ORD000099,PROD00401,2,55213.87,20.54
ITEM000229,ORD000923,PROD00103,3,40268.98,2.93
ITEM000230,ORD000150,PROD00434,5,56932.62,34.78
ITEM000231,ORD000165,PROD00438,-3,36816.09,50.49
ITEM000232,ORD000070,PROD00051,10,45818.32,52.88
ITEM000233,ORD000733,PROD00099,5,10389.23,75.4
ITEM000234,ORD000005,PROD00499,2,55461.5,92.05
ITEM000235,ORD000872,PROD00363,8,22051.14,58.94
ITEM000236,ORD000451,PROD00345,2,10932.83,35.48
ITEM000237,ORD000389,PROD00218,4,30903.64,40.76
ITEM000238,ORD000780,PROD00161,2,28007.51,51.97
ITEM000239,ORD000508,PROD00391,6,42313.38,55.71
ITEM000240,ORD000042,PROD00043,6,29673.4,38.48
ITEM000241,ORD000468,PROD00308,5,41254.09,84.11
ITEM000242,ORD000232,PROD00284,7,17506.3,85.54
ITEM000243,ORD000194,PROD00439,2,53695.8,80.24
ITEM000244,ORD000962,PROD00348,6,10839.91,99.87
ITEM000245,ORD000504,PROD00345,2,23842.55,52.27
ITEM000246,ORD000693,PROD00044,2,8687.72,40.06
ITEM000247,ORD000605,PROD00053,3,3976.15,97.52
ITEM000248,ORD000347,PROD00103,10,50657.37,40.43
ITEM000249,ORD000239,PROD00430,7,43539.51,27.85
ITEM000250,ORD000731,PROD00393,10,35659.63,75.63
ITEM000251,ORD000821,PROD00330,7,21430.23,66.67
ITEM000252,ORD000973,PROD00208,8,30733.73,14.74
ITEM000253,ORD000466,PROD00056,2,15116.32,49.73
ITEM000254,ORD000644,PROD00483,3,1880.44,73.78
ITEM000255,ORD000851,PROD00035,8,40718.64,97.21
ITEM000256,ORD000392,PROD00310,6,9248.93,62.2
ITEM000257,ORD000099,PROD00390,2,39698.73,51.99
ITEM000258,ORD000505,PROD00406,8,12195.71,66.21
ITEM000259,ORD000503,PROD00259,5,32592.04,80.95
ITEM000260,ORD000554,PROD00280,1,57159.57,3.16
ITEM000261,ORD000441,PROD00451,2,23079.43,31.46
ITEM000262,ORD000386,PROD00227,8,2255.27,17.69
ITEM000263,ORD000676,PROD00441,5,53093.54,16.41
ITEM000264,ORD000442,PROD00069,-3,23405.92,76.4
ITEM000265,ORD000583,PROD00346,8,39638.71,68.54
ITEM000266,ORD000586,PROD00241,8,33779.1,15.63
ITEM000267,ORD000058,PROD00201,5,29732.0,97.09
ITEM000268,ORD000632,PROD00347,6,46011.6,28.44
ITEM000269,ORD000063,PROD00015,10,2802.6,83.69
ITEM000270,ORD000358,PROD00415,10,1711.3,89.13
ITEM000271,ORD000350,PROD00195,2,25746.08,99.19
ITEM000272,ORD000422,PROD00180,1,39708.28,24.76
ITEM000273,ORD000664,PROD00160,10,5188.01,68.8
ITEM000274,ORD000890,PROD00157,2,20321.9,1.97
ITEM000275,ORD000334,PROD00020,8,39500.29,42.25
ITEM000276,ORD000528,PROD00462,7,16070.47,69.6
ITEM000277,ORD000603,PROD00012,6,22726.48,39.03
ITEM000278,ORD000587,PROD00051,8,6093.4,67.51
ITEM000279,ORD000345,PROD00255,9,48706.28,66.74
ITEM000280,ORD000171,PROD00315,5,21863.72,43.6
ITEM000281,ORD000509,PROD00326,2,50438.79,53.58
ITEM000282,ORD000295,PROD00136,1,17909.48,57.35
ITEM000283,ORD000824,PROD00116,10,44598.99,9.2
ITEM000284,ORD000865,PROD00297,2,35552.69,27.34
ITEM000285,ORD000581,PROD00411,9,28568.58,20.97
ITEM000286,ORD000815,PROD00040,5,30327.91,29.99
ITEM000287,ORD000680,PROD00277,6,12084.61,40.23
ITEM000288,ORD000640,PROD00264,8,40326.46,54.76
ITEM000289,ORD000903,PROD00010,9,51776.32,57.68
ITEM000290,ORD000219,PROD00339,8,16149.36,63.79
ITEM000291,ORD000829,PROD00315,7,56084.69,72.66
ITEM000292,ORD000062,PROD00268,4,21920.05,14.77
ITEM000293,ORD000155,PROD00383,5,50662.91,41.03
ITEM000294,ORD000881,PROD00426,2,38072.26,84.6
ITEM000295,ORD000274,PROD00422,5,38797.95,25.64
ITEM000296,ORD000616,PROD00121,7,14385.16,15.0
ITEM000297,ORD000029,PROD00126,-2,29174.4,99.13
ITEM000298,ORD000433,PROD00332,1,12199.23,27.27
ITEM000299,ORD000030,PROD00133,5,39554.38,17.6
ITEM000300,ORD000873,PROD00022,8,46955.8,5.53
ITEM000301,ORD000919,PROD00043,6,36135.82,86.72
ITEM000302,ORD000923,PROD00490,7,53816.72,67.17
ITEM000303,ORD000907,PROD00047,7,56595.41,72.42
ITEM000304,ORD000144,PROD00121,2,34301.31,50.02
ITEM000305,ORD000124,PROD00268,10,56985.5,93.16
ITEM000306,ORD000258,PROD00255,2,14360.8,12.23
ITEM000307,ORD000827,PROD00161,6,49956.82,73.72
ITEM000308,ORD000826,PROD00384,4,56136.46,21.8
ITEM000309,ORD000110,PROD00090,4,58198.42,43.95
ITEM000310,ORD000261,PROD00442,10,3449.93,53.35
ITEM000311,ORD000717,PROD00486,2,19057.75,42.38
ITEM000312,ORD000700,PROD00127,5,52778.07,93.7
ITEM000313,ORD000372,PROD00244,6,49299.79,2.11
ITEM000314,ORD000991,PROD00464,10,2185.08,73.94
ITEM000315,ORD000819,PROD00482,1,41471.88,78.88
ITEM000316,ORD000246,PROD00130,9,23142.94,63.89
ITEM000317,ORD000718,PROD00186,2,32141.15,23.64
ITEM000318,ORD000454,PROD00199,1,54596.37,39.3
ITEM000319,ORD000940,PROD00131,5,5505.99,82.27
ITEM000320,ORD000242,PROD00153,4,51579.06,16.02
ITEM000321,ORD000450,PROD00324,6,52780.09,76.67
ITEM000322,ORD000417,PROD00405,1,16514.79,8.01
ITEM000323,ORD000799,PROD00482,8,28318.37,41.3
ITEM000324,ORD000862,PROD00171,7,52618.0,82.02
ITEM000325,ORD000845,PROD00083,5,30429.44,35.19
ITEM000326,ORD000617,PROD00374,9,44293.35,45.33
ITEM000327,ORD000029,PROD00391,1,38518.23,18.37
ITEM000328,ORD000455,PROD00406,3,284.24,20.01
ITEM000329,ORD000313,PROD00161,10,5025.7,15.78
ITEM000330,ORD000529,PROD00366,-3,41176.63,79.26
ITEM000331,ORD000328,PROD00232,8,52423.0,13.35
ITEM000332,ORD000178,PROD00352,10,49623.44,79.95
ITEM000333,ORD000204,PROD00044,7,22119.21,39.35
ITEM000334,ORD000387,PROD00484,10,13546.78,94.81
ITEM000335,ORD000946,PROD00286,10,37634.98,90.68
ITEM000336,ORD000998,PROD00237,4,15780.81,85.18
ITEM000337,ORD000051,PROD00206,10,25791.31,26.02
ITEM000338,ORD000092,PROD00491,6,10290.36,56.72
ITEM000339,ORD000015,PROD00368,9,26166.01,92.0
ITEM000340,ORD000465,PROD00424,8,7198.89,71.36
ITEM000341,ORD000196,PROD00485,5,17348.92,49.42
ITEM000342,ORD000134,PROD00221,4,36044.96,99.52
ITEM000343,ORD000290,PROD00373,4,25158.03,40.85
ITEM000344,ORD000150,PROD00015,5,58570.08,23.55
ITEM000345,ORD000462,PROD00465,4,22241.3,68.43
ITEM000346,ORD000470,PROD00044,1,28186.01,87.14
ITEM000347,ORD000998,PROD00355,7,41242.46,71.33
ITEM000348,ORD000726,PROD00217,10,15447.91,9.53
ITEM000349,ORD000061,PROD00027,6,55870.77,47.09
ITEM000350,ORD000363,PROD00311,10,42603.0,80.99
ITEM000351,ORD000006,PROD00130,9,37217.51,30.25
ITEM000352,ORD000405,PROD00344,6,8021.07,89.22
ITEM000353,ORD000043,PROD00298,3,15691.47,50.37
ITEM000354,ORD000953,PROD00174,8,8001.98,31.73
ITEM000355,ORD000544,PROD00222,3,15698.32,31.33
ITEM000356,ORD000131,PROD00256,5,44894.62,92.62
ITEM000357,ORD000290,PROD00463,5,36814.6,76.16
ITEM000358,ORD000271,PROD00265,6,26202.94,16.5
ITEM000359,ORD000755,PROD00252,3,33384.92,92.29
ITEM000360,ORD000652,PROD00409,8,3288.01,14.86
ITEM000361,ORD000236,PROD00094,1,28267.83,16.36
ITEM000362,ORD000479,PROD00224,2,59712.58,92.72
ITEM000363,ORD000042,PROD00227,-3,33695.19,45.78
ITEM000364,ORD000116,PROD00434,3,7506.89,9.36
ITEM000365,ORD000890,PROD00146,3,50113.72,74.99
ITEM000366,ORD000843,PROD00140,10,53464.58,58.57
ITEM000367,ORD000598,PROD00498,1,31608.32,57.08
ITEM000368,ORD000427,PROD00472,2,14844.83,49.81
ITEM000369,ORD000097,PROD00455,6,1655.13,68.13
ITEM000370,ORD000697,PROD00063,7,22476.14,92.91
ITEM000371,ORD000109,PROD00429,6,9311.15,8.11
ITEM000372,ORD000851,PROD00363,8,27297.93,95.52
ITEM000373,ORD000609,PROD00337,1,19832.67,4.38
ITEM000374,ORD000638,PROD00487,8,19562.44,73.15
ITEM000375,ORD000752,PROD00465,10,7846.28,86.33
ITEM000376,ORD000821,PROD00330,5,19457.93,5.55
ITEM000377,ORD000073,PROD00281,10,22945.32,39.89
ITEM000378,ORD000183,PROD00123,7,5442.38,85.23
ITEM000379,ORD000167,PROD00199,7,17167.66,75.26
ITEM000380,ORD000670,PROD00079,2,17982.94,80.11
ITEM000381,ORD000754,PROD00413,5,54233.68,60.35
ITEM000382,ORD000368,PROD00341,2,49939.97,51.27
ITEM000383,ORD000502,PROD00229,7,28638.74,56.31
ITEM000384,ORD000434,PROD00047,7,48678.56,61.39
ITEM000385,ORD000445,PROD00323,7,5667.55,51.33
ITEM000386,ORD000997,PROD00238,4,38891.88,71.36
ITEM000387,ORD000954,PROD00254,9,37810.62,52.47
ITEM000388,ORD000298,PROD00240,7,4843.07,80.15
ITEM000389,ORD000308,PROD00077,3,41090.4,30.04
ITEM000390,ORD000255,PROD00268,7,17799.35,4.77
ITEM000391,ORD000079,PROD00470,1,30853.53,51.07
ITEM000392,ORD000423,PROD00049,8,39685.23,56.85
ITEM000393,ORD000260,PROD00182,5,35175.52,76.86
ITEM000394,ORD000017,PROD00059,8,10855.18,18.22
ITEM000395,ORD000403,PROD00024,2,25033.47,70.44
ITEM000396,ORD000322,PROD00301,-3,27051.88,80.78
ITEM000397,ORD000350,PROD00495,3,12743.0,7.82
ITEM000398,ORD000619,PROD00133,2,26084.56,1.79
ITEM000399,ORD000405,PROD00060,1,10386.95,47.71
ITEM000400,ORD000709,PROD00208,10,43582.09,30.28
ITEM000401,ORD000833,PROD00499,10,21707.65,67.38
ITEM000402,ORD000707,PROD00346,7,48297.98,8.76
ITEM000403,ORD000139,PROD00008,4,6803.56,1.59
ITEM000404,ORD000994,PROD00097,1,12632.85,64.86
ITEM000405,ORD000666,PROD00124,7,50541.17,85.82
ITEM000406,ORD000552,PROD00098,2,18124.98,46.34
ITEM000407,ORD000486,PROD00217,1,7075.88,90.24
ITEM000408,ORD000757,PROD00360,8,57835.63,47.15
ITEM000409,ORD000881,PROD00231,10,14633.52,29.48
ITEM000410,ORD000850,PROD00427,7,3150.24,0.79
ITEM000411,ORD000646,PROD00434,7,58771.27,84.86
ITEM000412,ORD000755,PROD00297,10,43891.6,99.9
ITEM000413,ORD000038,PROD00250,7,29217.45,59.1
ITEM000414,ORD000627,PROD00479,8,13991.16,6.07
ITEM000415,ORD000020,PROD00217,10,19019.42,6.35
ITEM000416,ORD000915,PROD00332,7,53359.52,11.69
ITEM000417,ORD000638,PROD00481,6,26954.69,43.62
ITEM000418,ORD000166,PROD00148,4,28207.5,43.81
ITEM000419,ORD000520,PROD00113,10,54553.3,33.92
ITEM000420,ORD000617,PROD00437,8,7956.4,29.34
ITEM000421,ORD000729,PROD00200,7,50001.54,67.31
ITEM000422,ORD000753,PROD00185,8,48005.33,84.45
ITEM000423,ORD000637,PROD00107,5,41472.78,8.62
ITEM000424,ORD000495,PROD00067,3,12049.1,60.57
ITEM000425,ORD000104,PROD00407,7,56588.98,49.37
ITEM000426,ORD000241,PROD00108,9,2918.26,1.81
ITEM000427,ORD000903,PROD00134,6,40647.98,17.47
ITEM000428,ORD000881,PROD00458,9,2015.0,6.37
ITEM000429,ORD000441,PROD00059,-1,7329.21,22.41
ITEM000430,ORD000265,PROD00175,6,46185.5,77.01
ITEM000431,ORD000571,PROD00137,3,51219.15,87.37
ITEM000432,ORD000619,PROD00343,2,42413.65,92.66
ITEM000433,ORD000449,PROD00410,8,57762.56,75.58
ITEM000434,ORD000999,PROD00055,10,36618.39,85.84
ITEM000435,ORD000105,PROD00422,9,2613.97,10.54
ITEM000436,ORD000646,PROD00061,4,54668.05,15.7
ITEM000437,ORD000300,PROD00363,8,45741.68,49.84
ITEM000438,ORD000892,PROD00051,3,38860.87,33.46
ITEM000439,ORD000142,PROD00063,4,26402.6,41.57
ITEM000440,ORD000788,PROD00004,4,50105.32,47.37
ITEM000441,ORD000294,PROD00259,3,5205.51,37.24
ITEM000442,ORD000773,PROD00213,6,37803.48,24.55
ITEM000443,ORD000772,PROD00386,9,25361.16,22.82
ITEM000444,ORD000822,PROD00220,7,55089.4,89.81
ITEM000445,ORD000975,PROD00437,9,47696.98,36.18
ITEM000446,ORD000031,PROD00227,3,46232.1,71.76
ITEM000447,ORD000530,PROD00484,2,5178.22,31.48
ITEM000448,ORD000791,PROD00085,7,3781.95,75.92
ITEM000449,ORD000677,PROD00473,3,54160.42,5.78
ITEM000450,ORD000647,PROD00366,9,58362.4,41.93
ITEM000451,ORD000908,PROD00349,9,52425.43,72.16
ITEM000452,ORD000322,PROD00466,6,573.34,27.98
ITEM000453,ORD000541,PROD00313,3,42047.67,44.62
ITEM000454,ORD000211,PROD00455,9,37499.14,61.82
ITEM000455,ORD000453,PROD00358,6,53271.73,78.16
ITEM000456,ORD000415,PROD00398,4,52870.38,8.43
ITEM000457,ORD000551,PROD00172,7,43533.41,74.01
ITEM000458,ORD000130,PROD00267,9,17107.28,9.28
ITEM000459,ORD000566,PROD00160,9,20508.46,63.57
ITEM000460,ORD000024,PROD00015,9,35590.97,24.13
ITEM000461,ORD000793,PROD00156,7,59218.59,11.04
ITEM000462,ORD000062,PROD00431,-2,37656.67,35.45
ITEM000463,ORD000049,PROD00388,2,26979.34,57.24
ITEM000464,ORD000006,PROD00233,6,58978.74,80.54
ITEM000465,ORD000596,PROD00290,9,50685.3,23.38
ITEM000466,ORD000307,PROD00146,10,40378.78,71.44
ITEM000467,ORD000533,PROD00378,4,6403.09,51.65
ITEM000468,ORD000198,PROD00422,6,27313.14,14.66
ITEM000469,ORD000436,PROD00425,7,5008.64,6.22
ITEM000470,ORD000910,PROD00067,8,12965.59,7.81
ITEM000471,ORD000694,PROD00270,7,35335.54,51.89
ITEM000472,ORD000405,PROD00447,5,35099.8,63.65
ITEM000473,ORD000451,PROD00353,8,43929.85,41.69
ITEM000474,ORD000167,PROD00074,9,7714.73,71.12
ITEM000475,ORD000133,PROD00496,9,51809.97,11.81
ITEM000476,ORD000218,PROD00234,8,2053.18,15.68
ITEM000477,ORD000573,PROD00190,2,36135.85,40.86
ITEM000478,ORD000124,PROD00190,10,17446.48,52.28
ITEM000479,ORD000121,PROD00191,5,59462.1,30.33
ITEM000480,ORD000498,PROD00015,3,8614.17,58.96
ITEM000481,ORD000050,PROD00480,5,53354.53,21.56
ITEM000482,ORD000839,PROD00379,8,224.94,54.75
ITEM000483,ORD000070,PROD00446,1,25112.75,57.31
ITEM000484,ORD000580,PROD00232,6,46902.83,47.52
ITEM000485,ORD000738,PROD00427,10,8055.3,13.85
ITEM000486,ORD000652,PROD00236,8,40066.52,14.9
ITEM000487,ORD000746,PROD00167,2,48008.72,66.45
ITEM000488,ORD000420,PROD00199,4,54024.64,33.9
ITEM000489,ORD000047,PROD00491,8,44181.18,64.59
ITEM000490,ORD000887,PROD00085,1,34362.49,79.62
ITEM000491,ORD000725,PROD00159,9,38745.06,64.39
ITEM000492,ORD000088,PROD00099,10,32555.88,75.76
ITEM000493,ORD000981,PROD00292,9,11444.81,47.58
ITEM000494,ORD000919,PROD00010,2,39529.44,53.19
ITEM000495,ORD000986,PROD00010,-1,14792.67,70.56
ITEM000496,ORD000909,PROD00297,8,5170.41,53.35
ITEM000497,ORD000329,PROD00206,10,2794.52,86.2
ITEM000498,ORD000024,PROD00175,7,10912.43,2.41
ITEM000499,ORD000541,PROD00163,7,15504.95,11.46
ITEM000500,ORD000102,PROD00278,3,17192.57,18.27
ITEM000501,ORD000787,PROD00046,3,18476.97,40.73
ITEM000502,ORD000174,PROD00031,10,57671.29,18.15
ITEM000503,ORD000731,PROD00030,5,23457.39,32.0
ITEM000504,ORD000423,PROD00458,6,15550.26,94.16
ITEM000505,ORD000922,PROD00062,1,12233.31,75.21
ITEM000506,ORD000601,PROD00122,8,30566.41,50.44
ITEM000507,ORD000973,PROD00059,5,3731.86,46.48
ITEM000508,ORD000417,PROD00034,8,1831.5,63.35
ITEM000509,ORD000936,PROD00454,1,16222.67,96.35
ITEM000510,ORD000692,PROD00052,4,45802.4,65.16
ITEM000511,ORD000129,PROD00156,10,24464.08,8.39
ITEM000512,ORD000652,PROD00257,4,46994.61,14.24
ITEM000513,ORD000554,PROD00087,4,32298.38,42.38
ITEM000514,ORD000934,PROD00285,8,2603.35,81.26
ITEM000515,ORD000985,PROD00425,10,17426.04,97.21
ITEM000516,ORD000001,PROD00031,8,16470.85,25.09
ITEM000517,ORD000697,PROD00195,6,50562.08,21.28
ITEM000518,ORD000861,PROD00262,5,2824.54,73.92
ITEM000519,ORD000577,PROD00036,5,5473.93,69.84
ITEM000520,ORD000851,PROD00072,9,59929.39,87.83
ITEM000521,ORD000216,PROD00313,9,57449.29,31.83
ITEM000522,ORD000699,PROD00485,6,38146.68,97.96
ITEM000523,ORD000725,PROD00232,5,14831.1,98.3
ITEM000524,ORD000350,PROD00108,8,57543.66,32.85
ITEM000525,ORD000936,PROD00355,3,38821.95,0.2
ITEM000526,ORD000488,PROD00003,1,40395.11,41.32
ITEM000527,ORD000917,PROD00357,8,45771.67,53.81
ITEM000528,ORD000807,PROD00449,-3,1953.76,83.21
ITEM000529,ORD000688,PROD00228,2,21244.38,81.28
ITEM000530,ORD000848,PROD00308,6,23266.39,83.91
ITEM000531,ORD000832,PROD00357,1,7573.36,37.05
ITEM000532,ORD000198,PROD00228,1,13369.09,1.98
ITEM000533,ORD000288,PROD00349,6,11571.55,81.63
ITEM000534,ORD000641,PROD00156,4,14132.05,49.38
ITEM000535,ORD000372,PROD00019,5,29620.99,70.4
ITEM000536,ORD000621,PROD00108,1,11845.6,82.11
ITEM000537,ORD000406,PROD00057,5,34189.22,49.4
ITEM000538,ORD000566,PROD00100,10,40363.32,60.3
ITEM000539,ORD000180,PROD00034,10,7781.96,6.5
ITEM000540,ORD000266,PROD00478,10,51343.19,88.1
ITEM000541,ORD000747,PROD00401,5,11591.91,67.8
ITEM000542,ORD000994,PROD00355,9,36905.95,68.07
ITEM000543,ORD000905,PROD00233,1,56279.63,64.1
ITEM000544,ORD000966,PROD00333,1,51246.2,32.3
ITEM000545,ORD000865,PROD00209,5,7390.89,51.83
ITEM000546,ORD000508,PROD00186,9,45565.4,88.38
ITEM000547,ORD000230,PROD00025,5,55111.65,53.24
ITEM000548,ORD000324,PROD00003,7,11757.03,8.18
ITEM000549,ORD000586,PROD00414,1,59416.85,22.56
ITEM000550,ORD000707,PROD00217,2,55028.01,19.69
ITEM000551,ORD000338,PROD00160,2,37597.08,9.67
ITEM000552,ORD000492,PROD00222,1,35592.59,62.63
ITEM000553,ORD000343,PROD00431,5,14904.5,47.36
ITEM000554,ORD000982,PROD00175,1,49315.86,51.97
ITEM000555,ORD000243,PROD00484,2,46567.39,61.96
ITEM000556,ORD000783,PROD00049,8,34778.17,8.55
ITEM000557,ORD000063,PROD00470,1,22705.97,89.01
ITEM000558,ORD000711,PROD00034,3,3813.93,80.24
ITEM000559,ORD000057,PROD00155,10,37608.49,6.58
ITEM000560,ORD000694,PROD00029,9,3226.97,84.99
ITEM000561,ORD000412,PROD00050,-2,14063.41,59.96
ITEM000562,ORD000676,PROD00320,1,27259.33,46.42
ITEM000563,ORD000439,PROD00451,10,37191.91,33.96
ITEM000564,ORD000961,PROD00346,1,27299.2,32.82
ITEM000565,ORD000198,PROD00056,2,836.09,71.33
ITEM000566,ORD000608,PROD00405,4,54271.76,12.6
ITEM000567,ORD000522,PROD00132,6,25318.32,72.46
ITEM000568,ORD000456,PROD00096,4,8346.6,4.41
ITEM000569,ORD000131,PROD00160,10,26207.3,95.97
ITEM000570,ORD000773,PROD00184,5,35061.59,54.11
ITEM000571,ORD000150,PROD00076,8,18589.6,34.29
ITEM000572,ORD000378,PROD00497,1,31109.07,65.77
ITEM000573,ORD000149,PROD00030,4,30475.76,83.52
ITEM000574,ORD000880,PROD00028,7,20694.58,97.65
ITEM000575,ORD000656,PROD00466,4,47137.3,34.16
ITEM000576,ORD000684,PROD00244,8,36025.76,33.11
ITEM000577,ORD000593,PROD00290,6,37004.58,41.87
ITEM000578,ORD000167,PROD00054,8,52578.72,91.05
ITEM000579,ORD000508,PROD00113,1,38362.15,69.32
ITEM000580,ORD000478,PROD00320,4,14417.24,73.46
ITEM000581,ORD000976,PROD00418,6,48455.55,37.59
ITEM000582,ORD000410,PROD00095,1,21832.75,7.37
ITEM000583,ORD000031,PROD00285,2,8629.88,44.04
ITEM000584,ORD000647,PROD00300,6,2729.9,2.97
ITEM000585,ORD000203,PROD00146,3,13214.81,26.2
ITEM000586,ORD000179,PROD00174,9,14833.26,19.6
ITEM000587,ORD000181,PROD00432,5,54647.87,2.1
ITEM000588,ORD000694,PROD00071,7,39326.66,88.5
ITEM000589,ORD000347,PROD00480,4,18373.84,24.01
ITEM000590,ORD000829,PROD00191,3,56475.59,97.71
ITEM000591,ORD000639,PROD00452,7,52715.43,6.54
ITEM000592,ORD000148,PROD00452,3,47714.4,19.17
ITEM000593,ORD000388,PROD00356,6,19145.3,42.95
ITEM000594,ORD000652,PROD00126,-3,35280.82,85.44
ITEM000595,ORD000302,PROD00405,3,19728.07,5.33
ITEM000596,ORD000815,PROD00144,3,51105.01,96.84
ITEM000597,ORD000908,PROD00251,4,43665.18,78.47
ITEM000598,ORD000810,PROD00340,10,3985.9,50.86
ITEM000599,ORD000770,PROD00452,9,22518.54,51.89
ITEM000600,ORD000184,PROD00165,6,31575.99,48.33
ITEM000601,ORD000979,PROD00254,8,16173.29,40.09
ITEM000602,ORD000944,PROD00405,10,39019.26,20.72
ITEM000603,ORD000917,PROD00104,8,51803.78,39.59
ITEM000604,ORD000314,PROD00218,7,34325.09,93.55
ITEM000605,ORD000384,PROD00131,9,5177.06,75.16
ITEM000606,ORD000303,PROD00228,9,21159.34,58.4
ITEM000607,ORD000477,PROD00263,10,20248.8,45.12
ITEM000608,ORD000443,PROD00210,6,48289.82,31.7
ITEM000609,ORD000392,PROD00013,3,26557.14,26.56
ITEM000610,ORD000078,PROD00184,2,17741.62,50.18
ITEM000611,ORD000560,PROD00330,2,47173.81,92.66
ITEM000612,ORD000101,PROD00061,2,21678.19,54.6
ITEM000613,ORD000342,PROD00101,6,15076.42,74.52
ITEM000614,ORD000787,PROD00350,5,11519.48,60.4
ITEM000615,ORD000142,PROD00438,9,54751.71,0.85
ITEM000616,ORD000307,PROD00145,6,47009.38,40.38
ITEM000617,ORD000416,PROD00421,10,45492.58,1.19
ITEM000618,ORD000670,PROD00263,3,51941.42,22.76
ITEM000619,ORD000741,PROD00384,4,28518.85,51.58
ITEM000620,ORD000805,PROD00283,8,43378.37,46.14
ITEM000621,ORD000811,PROD00044,6,50763.52,42.88
ITEM000622,ORD000965,PROD00358,7,12654.13,45.0
ITEM000623,ORD000572,PROD00016,6,8423.12,87.38
ITEM000624,ORD000313,PROD00483,1,30038.03,65.88
ITEM000625,ORD000364,PROD00174,4,25206.92,68.58
ITEM000626,ORD000414,PROD00391,9,18048.27,58.7
ITEM000627,ORD000582,PROD00403,-1,9306.11,95.26
ITEM000628,ORD000339,PROD00291,10,54833.76,57.39
ITEM000629,ORD000401,PROD00196,4,56926.69,6.37
ITEM000630,ORD000396,PROD00097,8,6607.44,56.95
ITEM000631,ORD000463,PROD00328,5,5685.17,10.43
ITEM000632,ORD000567,PROD00091,1,49605.84,60.34
ITEM000633,ORD000028,PROD00096,4,4262.51,96.3
ITEM000634,ORD000291,PROD00106,4,17537.22,52.44
ITEM000635,ORD000466,PROD00030,6,31160.05,17.18
ITEM000636,ORD000881,PROD00466,7,23527.21,98.96
ITEM000637,ORD000133,PROD00275,7,28747.24,6.88
ITEM000638,ORD000979,PROD00463,4,7882.94,20.57
ITEM000639,ORD000443,PROD00419,8,9611.0,57.51
ITEM000640,ORD000318,PROD00301,4,30198.25,68.48
ITEM000641,ORD000283,PROD00104,1,59466.0,44.57
ITEM000642,ORD000845,PROD00205,10,48473.19,52.59
ITEM000643,ORD000933,PROD00292,8,27666.25,57.61
ITEM000644,ORD000755,PROD00047,5,38813.32,91.89
ITEM000645,ORD000356,PROD00359,5,23526.31,82.34
ITEM000646,ORD000871,PROD00090,7,15023.18,90.0
ITEM000647,ORD000751,PROD00222,8,23141.43,65.91
ITEM000648,ORD000716,PROD00292,2,23673.72,94.57
ITEM000649,ORD000246,PROD00454,3,16499.2,62.81
ITEM000650,ORD000299,PROD00342,2,41912.84,72.24
ITEM000651,ORD000223,PROD00466,8,24735.56,76.19
ITEM000652,ORD000125,PROD00189,2,45348.27,50.44
ITEM000653,ORD000799,PROD00167,7,27111.07,25.28
ITEM000654,ORD000519,PROD00023,8,1700.4,63.89
ITEM000655,ORD000692,PROD00384,8,22931.22,74.6
ITEM000656,ORD000877,PROD00100,7,2362.7,25.06
ITEM000657,ORD000727,PROD00470,3,19693.91,74.87
ITEM000658,ORD000497,PROD00237,2,5044.66,65.7
ITEM000659,ORD000731,PROD00487,8,8501.32,82.04
ITEM000660,ORD000862,PROD00083,-1,36458.61,17.72
ITEM000661,ORD000128,PROD00274,7,10190.36,67.14
ITEM000662,ORD000012,PROD00347,5,9294.44,35.81
ITEM000663,ORD000222,PROD00366,1,53571.99,53.23
ITEM000664,ORD000453,PROD00357,1,50206.42,81.15
ITEM000665,ORD000657,PROD00340,2,23498.04,30.83
ITEM000666,ORD000054,PROD00307,1,3015.02,37.74
ITEM000667,ORD000207,PROD00476,4,22541.22,23.85
ITEM000668,ORD000094,PROD00009,7,1773.86,1.46
ITEM000669,ORD000841,PROD00099,2,13312.01,88.23
ITEM000670,ORD000817,PROD00428,3,43468.29,4.4
ITEM000671,ORD000525,PROD00056,6,19428.51,62.68
ITEM000672,ORD000640,PROD00107,9,23764.33,42.79
ITEM000673,ORD000238,PROD00110,2,21458.92,17.36
ITEM000674,ORD000412,PROD00335,6,817.68,21.28
ITEM000675,ORD000226,PROD00034,5,39031.71,36.9
ITEM000676,ORD000069,PROD00454,4,24724.7,76.75
ITEM000677,ORD000512,PROD00053,9,47496.46,92.22
ITEM000678,ORD000583,PROD00088,5,57546.18,59.99
ITEM000679,ORD000647,PROD00357,7,40706.24,97.24
ITEM000680,ORD000711,PROD00069,6,10602.33,76.17
ITEM000681,ORD000705,PROD00163,8,4144.06,1.76
ITEM000682,ORD000934,PROD00300,8,23004.05,64.06
ITEM000683,ORD000239,PROD00258,10,42307.28,1.33
ITEM000684,ORD000022,PROD00316,2,18600.03,73.79
ITEM000685,ORD000776,PROD00125,10,4855.44,13.76
ITEM000686,ORD000511,PROD00152,4,9185.07,20.44
ITEM000687,ORD000039,PROD00122,10,59314.23,44.37
ITEM000688,ORD000899,PROD00169,3,16759.77,64.36
ITEM000689,ORD000779,PROD00021,9,47527.61,41.49
ITEM000690,ORD000833,PROD00148,1,13817.7,73.29
ITEM000691,ORD000351,PROD00125,4,32404.77,90.66
ITEM000692,ORD000681,PROD00128,4,36522.99,38.15
ITEM000693,ORD000330,PROD00094,-3,461.96,86.99
ITEM000694,ORD000072,PROD00489,4,3221.2,99.2
ITEM000695,ORD000961,PROD00105,3,5596.39,59.26
ITEM000696,ORD000852,PROD00408,4,14254.98,7.82
ITEM000697,ORD000743,PROD00240,5,9933.11,19.75
ITEM000698,ORD000435,PROD00091,10,15013.27,28.54
ITEM000699,ORD000460,PROD00496,4,16384.46,78.13
ITEM000700,ORD000082,PROD00487,6,23954.84,16.78
ITEM000701,ORD000452,PROD00217,9,36602.71,43.34
ITEM000702,ORD000160,PROD00420,8,1286.68,38.14
ITEM000703,ORD000875,PROD00043,5,35751.48,15.28
ITEM000704,ORD000745,PROD00090,5,22888.97,30.58
ITEM000705,ORD000291,PROD00193,9,36400.92,7.19
ITEM000706,ORD000140,PROD00367,8,11823.37,91.61
ITEM000707,ORD000005,PROD00007,9,43849.08,37.43
ITEM000708,ORD000415,PROD00474,7,56423.07,97.05
ITEM000709,ORD000383,PROD00197,8,18537.87,98.75
ITEM000710,ORD000073,PROD00210,1,59549.1,12.45
ITEM000711,ORD000955,PROD00290,3,11734.27,43.63
ITEM000712,ORD000262,PROD00395,6,30625.54,48.86
ITEM000713,ORD000706,PROD00189,1,39089.29,92.65
ITEM000714,ORD000754,PROD00127,4,28715.76,92.15
ITEM000715,ORD000371,PROD00324,1,41878.54,64.53
ITEM000716,ORD000268,PROD00310,8,56661.49,14.74
ITEM000717,ORD000254,PROD00309,10,57111.52,84.15
ITEM000718,ORD000013,PROD00060,2,38699.4,91.69
ITEM000719,ORD000408,PROD00362,10,58451.32,8.03
ITEM000720,ORD000932,PROD00097,7,10032.83,42.69
ITEM000721,ORD000709,PROD00155,9,58064.24,65.85
ITEM000722,ORD000392,PROD00301,5,44062.61,75.25
ITEM000723,ORD000947,PROD00373,2,6645.52,57.26
ITEM000724,ORD000817,PROD00177,3,16214.38,20.95
ITEM000725,ORD000767,PROD00204,5,484.58,16.84
ITEM000726,ORD000504,PROD00001,-1,46447.24,41.78
ITEM000727,ORD000427,PROD00336,5,44009.23,17.06
ITEM000728,ORD000384,PROD00096,3,11961.43,18.2
ITEM000729,ORD000972,PROD00057,8,34068.82,21.26
ITEM000730,ORD000206,PROD00031,3,48569.8,19.19
ITEM000731,ORD000924,PROD00447,7,26499.75,91.3
ITEM000732,ORD000112,PROD00445,3,4880.61,8.57
ITEM000733,ORD000128,PROD00142,2,20594.9,58.56
ITEM000734,ORD000490,PROD00249,2,669.44,26.61
ITEM000735,ORD000979,PROD00004,10,47373.51,4.19
ITEM000736,ORD000217,PROD00268,1,22602.38,52.01
ITEM000737,ORD000986,PROD00390,5,55934.49,47.32
ITEM000738,ORD000346,PROD00310,7,20259.36,68.19
ITEM000739,ORD000352,PROD00162,4,56465.36,66.51
ITEM000740,ORD000388,PROD00313,1,58520.77,87.31
ITEM000741,ORD000826,PROD00052,1,27469.46,69.83
ITEM000742,ORD000743,PROD00428,3,1638.26,12.29
ITEM000743,ORD000544,PROD00144,4,22168.95,61.84
ITEM000744,ORD000675,PROD00446,8,30943.35,66.02
ITEM000745,ORD000004,PROD00327,6,1096.16,36.02
ITEM000746,ORD000047,PROD00497,6,40707.97,23.36
ITEM000747,ORD000497,PROD00205,10,47658.23,34.83
ITEM000748,ORD000962,PROD00477,8,59213.6,85.71
ITEM000749,ORD000927,PROD00052,7,17702.39,19.51
ITEM000750,ORD000147,PROD00446,9,52586.42,78.49
ITEM000751,ORD000734,PROD00259,1,7758.9,79.68
ITEM000752,ORD000309,PROD00427,9,59234.45,46.68
ITEM000753,ORD000918,PROD00229,2,28981.9,54.07
ITEM000754,ORD000250,PROD00109,3,45219.83,65.97
ITEM000755,ORD000092,PROD00055,7,59602.35,2.92
ITEM000756,ORD000952,PROD00476,6,54168.65,76.63
ITEM000757,ORD000226,PROD00369,5,39989.37,95.15
ITEM000758,ORD000687,PROD00064,3,55371.9,63.35
ITEM000759,ORD000504,PROD00047,-1,55913.62,76.63
ITEM000760,ORD000616,PROD00034,6,22682.92,71.74
ITEM000761,ORD000754,PROD00372,7,39269.79,78.51
ITEM000762,ORD000990,PROD00439,7,48526.0,22.36
ITEM000763,ORD000119,PROD00149,2,6771.81,34.02
ITEM000764,ORD000607,PROD00480,4,44702.6,11.61
ITEM000765,ORD000377,PROD00066,6,57248.71,57.69
ITEM000766,ORD000002,PROD00160,1,35444.58,18.99
ITEM000767,ORD000398,PROD00217,6,46299.73,79.75
ITEM000768,ORD000957,PROD00408,3,31233.11,60.16
ITEM000769,ORD000228,PROD00055,7,650.39,85.24
ITEM000770,ORD000324,PROD00075,5,50249.28,49.98
ITEM000771,ORD000467,PROD00076,10,17075.23,74.71
ITEM000772,ORD000870,PROD00411,1,35972.93,30.89
ITEM000773,ORD000706,PROD00064,5,59811.23,70.65
ITEM000774,ORD000490,PROD00324,4,29752.03,70.41
ITEM000775,ORD000386,PROD00031,6,9246.86,71.68
ITEM000776,ORD000869,PROD00376,4,42054.4,5.26
ITEM000777,ORD000887,PROD00398,3,51421.05,72.74
ITEM000778,ORD000307,PROD00418,3,59464.69,54.79
ITEM000779,ORD000346,PROD00217,8,59419.83,75.77
ITEM000780,ORD000401,PROD00037,9,43632.6,28.24
ITEM000781,ORD000946,PROD00100,9,23686.97,13.09
ITEM000782,ORD000771,PROD00406,10,51964.74,5.41
ITEM000783,ORD000958,PROD00364,5,27506.2,16.37
ITEM000784,ORD000141,PROD00227,8,17535.79,14.48
ITEM000785,ORD000224,PROD00412,4,44145.6,0.91
ITEM000786,ORD000744,PROD00439,10,6206.68,78.55
ITEM000787,ORD000880,PROD00076,7,57028.85,42.71
ITEM000788,ORD000862,PROD00087,1,5853.26,97.42
ITEM000789,ORD000184,PROD00484,1,7129.08,51.54
ITEM000790,ORD000347,PROD00304,7,58186.65,62.7
ITEM000791,ORD000414,PROD00126,1,7216.27,39.66
ITEM000792,ORD000310,PROD00353,-1,39202.54,37.54
ITEM000793,ORD000709,PROD00408,2,46686.08,86.49
ITEM000794,ORD000666,PROD00196,5,37976.78,44.51
ITEM000795,ORD000012,PROD00062,2,5049.96,48.92
ITEM000796,ORD000685,PROD00466,9,13573.61,58.69
ITEM000797,ORD000587,PROD00246,5,41654.18,9.46
ITEM000798,ORD000608,PROD00093,7,29103.07,64.46
ITEM000799,ORD000445,PROD00153,10,7601.66,32.52
ITEM000800,ORD000731,PROD00466,9,11174.9,81.29
ITEM000801,ORD000021,PROD00202,9,49066.02,78.35
ITEM000802,ORD000543,PROD00251,2,31182.18,58.47
ITEM000803,ORD000731,PROD00420,2,45235.14,20.75
ITEM000804,ORD000675,PROD00460,2,10921.78,59.91
ITEM000805,ORD000185,PROD00003,9,26889.25,31.43
ITEM000806,ORD000041,PROD00066,10,12453.17,16.12
ITEM000807,ORD000576,PROD00132,1,5168.16,12.47
ITEM000808,ORD000306,PROD00187,9,10379.03,97.71
ITEM000809,ORD000674,PROD00001,4,18105.94,94.62
ITEM000810,ORD000532,PROD00464,5,39583.54,44.49
ITEM000811,ORD000591,PROD00252,6,31407.71,98.6
ITEM000812,ORD000361,PROD00311,9,30684.36,68.79
ITEM000813,ORD000679,PROD00420,1,14302.31,18.81
ITEM000814,ORD000307,PROD00439,4,57449.63,60.21
ITEM000815,ORD000222,PROD00303,6,16716.0,72.91
ITEM000816,ORD000433,PROD00039,9,15372.55,38.18
ITEM000817,ORD000926,PROD00084,7,27418.46,94.47
ITEM000818,ORD000693,PROD00218,3,32200.67,7.06
ITEM000819,ORD000751,PROD00138,4,42895.25,56.36
ITEM000820,ORD000664,PROD00421,9,36336.19,41.97
ITEM000821,ORD000158,PROD00162,7,22798.62,96.4
ITEM000822,ORD000254,PROD00040,5,7564.81,11.0
ITEM000823,ORD000562,PROD00209,2,19828.51,8.9
ITEM000824,ORD000932,PROD00171,5,8865.15,79.81
ITEM000825,ORD000281,PROD00006,-2,58771.16,22.22
ITEM000826,ORD000975,PROD00054,2,10626.31,72.83
ITEM000827,ORD000314,PROD00302,8,5822.88,34.89
ITEM000828,ORD000586,PROD00444,5,33137.38,60.75
ITEM000829,ORD000919,PROD00025,3,19147.98,75.19
ITEM000830,ORD000186,PROD00177,9,33145.13,88.2
ITEM000831,ORD000413,PROD00245,10,7741.57,0.95
ITEM000832,ORD000526,PROD00366,3,39488.02,14.27
ITEM000833,ORD000582,PROD00377,5,3266.59,72.54
ITEM000834,ORD000998,PROD00190,4,40725.09,41.82
ITEM000835,ORD000469,PROD00094,8,59176.15,79.85
ITEM000836,ORD000515,PROD00147,5,57161.72,52.06
ITEM000837,ORD000736,PROD00452,4,18380.73,85.79
ITEM000838,ORD000971,PROD00157,7,46257.65,84.52
ITEM000839,ORD000650,PROD00041,2,43824.19,94.49
ITEM000840,ORD000170,PROD00295,1,5166.65,28.59
ITEM000841,ORD000952,PROD00253,1,57733.76,42.4
ITEM000842,ORD000521,PROD00478,3,28831.39,51.5
ITEM000843,ORD000694,PROD00455,9,41903.13,40.55
ITEM000844,ORD000632,PROD00098,1,42878.19,70.26
ITEM000845,ORD000768,PROD00177,4,59653.89,66.12
ITEM000846,ORD000943,PROD00422,9,41076.28,4.24
ITEM000847,ORD000460,PROD00494,3,40503.88,88.19
ITEM000848,ORD000537,PROD00463,4,10571.37,36.71
ITEM000849,ORD000137,PROD00264,6,57153.77,42.27
ITEM000850,ORD000389,PROD00088,6,58186.73,33.8
ITEM000851,ORD000696,PROD00128,9,51061.55,85.78
ITEM000852,ORD000298,PROD00154,8,17683.35,21.31
ITEM000853,ORD000756,PROD00324,10,23677.93,92.31
ITEM000854,ORD000952,PROD00478,9,49561.07,3.54
ITEM000855,ORD000475,PROD00457,10,50916.27,5.75
ITEM000856,ORD000007,PROD00316,8,19780.25,35.39
ITEM000857,ORD000006,PROD00180,3,24183.88,0.89
ITEM000858,ORD000442,PROD00252,-1,31792.88,89.85
ITEM000859,ORD000421,PROD00064,8,513.94,76.94
ITEM000860,ORD000257,PROD00116,8,23781.99,29.93
ITEM000861,ORD000439,PROD00457,3,32232.0,26.95
ITEM000862,ORD000450,PROD00337,8,9793.87,35.37
ITEM000863,ORD000445,PROD00003,6,53026.22,70.92
ITEM000864,ORD000114,PROD00098,5,2511.35,39.45
ITEM000865,ORD000762,PROD00170,1,9702.72,19.9
ITEM000866,ORD000491,PROD00492,5,7215.66,48.91
ITEM000867,ORD000508,PROD00410,3,19560.77,76.44
ITEM000868,ORD000903,PROD00205,9,43587.07,74.19
ITEM000869,ORD000846,PROD00200,3,6672.99,10.79
ITEM000870,ORD000022,PROD00065,3,20712.82,1.36
ITEM000871,ORD000701,PROD00122,1,40730.79,34.21
ITEM000872,ORD001000,PROD00306,1,26116.28,28.95
ITEM000873,ORD000498,PROD00043,7,14940.06,15.25
ITEM000874,ORD000524,PROD00096,4,16940.22,11.5
ITEM000875,ORD000270,PROD00359,4,40013.19,42.92
ITEM000876,ORD000486,PROD00362,2,42098.58,50.23
ITEM000877,ORD000186,PROD00097,10,37771.58,14.87
ITEM000878,ORD000124,PROD00068,7,2398.15,99.04
ITEM000879,ORD000952,PROD00075,7,1157.91,19.96
ITEM000880,ORD000886,PROD00027,7,24497.1,30.64
ITEM000881,ORD000649,PROD00119,4,20237.05,47.92
ITEM000882,ORD000523,PROD00219,1,18326.97,26.92
ITEM000883,ORD000288,PROD00483,6,42723.98,24.7
ITEM000884,ORD000917,PROD00025,3,2549.26,5.21
ITEM000885,ORD000763,PROD00165,4,17190.49,28.02
ITEM000886,ORD000622,PROD00052,7,11171.92,94.83
ITEM000887,ORD000373,PROD00172,5,6780.56,66.89
ITEM000888,ORD000700,PROD00283,3,19939.58,74.13
ITEM000889,ORD000371,PROD00381,10,31778.84,37.16
ITEM000890,ORD000666,PROD00142,4,35101.2,8.72
ITEM000891,ORD000109,PROD00067,-1,2558.23,96.83
ITEM000892,ORD000906,PROD00336,4,11656.36,44.58
ITEM000893,ORD000102,PROD00039,9,37178.72,30.15
ITEM000894,ORD000486,PROD00390,4,32060.1,15.37
ITEM000895,ORD000131,PROD00099,7,33074.69,25.25
ITEM000896,ORD000899,PROD00389,9,58510.06,89.49
ITEM000897,ORD000460,PROD00323,2,54659.87,6.77
ITEM000898,ORD000430,PROD00269,9,47474.02,16.69
ITEM000899,ORD000281,PROD00357,3,17450.42,95.58
ITEM000900,ORD000063,PROD00407,4,44468.84,39.75
ITEM000901,ORD000702,PROD00273,9,58295.15,16.55
ITEM000902,ORD000769,PROD00261,7,33793.67,39.02
ITEM000903,ORD000622,PROD00140,4,11125.57,16.0
ITEM000904,ORD000224,PROD00304,1,52761.39,79.06
ITEM000905,ORD000467,PROD00258,9,15604.19,85.25
ITEM000906,ORD000304,PROD00363,5,33173.84,17.11
ITEM000907,ORD000047,PROD00274,4,17581.41,63.96
ITEM000908,ORD000965,PROD00453,5,55642.15,27.04
ITEM000909,ORD000810,PROD00027,4,59373.22,21.0
ITEM000910,ORD000119,PROD00001,6,37997.7,97.22
ITEM000911,ORD000333,PROD00043,9,15915.89,13.36
ITEM000912,ORD000920,PROD00314,5,19545.64,5.73
ITEM000913,ORD000836,PROD00006,6,13234.85,96.52
ITEM000914,ORD000181,PROD00132,1,32289.58,97.88
ITEM000915,ORD000797,PROD00481,10,6475.92,74.58
ITEM000916,ORD000392,PROD00485,5,52214.54,63.43
ITEM000917,ORD000565,PROD00106,8,13316.28,26.88
ITEM000918,ORD000596,PROD00323,7,9422.92,23.17
ITEM000919,ORD000744,PROD00223,6,8985.22,47.9
ITEM000920,ORD000508,PROD00093,8,11183.18,86.24
ITEM000921,ORD000194,PROD00292,8,56606.97,18.04
ITEM000922,ORD000289,PROD00011,5,9858.83,17.77
ITEM000923,ORD000404,PROD00352,10,11352.1,14.35
ITEM000924,ORD000437,PROD00126,-3,58226.09,10.02
ITEM000925,ORD000540,PROD00071,1,36237.28,37.79
ITEM000926,ORD000022,PROD00057,1,45830.4,64.45
ITEM000927,ORD000045,PROD00068,4,46230.05,26.77
ITEM000928,ORD000962,PROD00322,10,908.46,96.64
ITEM000929,ORD000981,PROD00406,2,32587.97,81.83
ITEM000930,ORD000874,PROD00363,2,12219.07,48.04
ITEM000931,ORD000577,PROD00457,8,48946.35,30.74
ITEM000932,ORD000491,PROD00080,4,3446.94,69.2
ITEM000933,ORD000643,PROD00279,2,1370.35,4.45
ITEM000934,ORD000558,PROD00152,2,30741.39,83.65
ITEM000935,ORD000146,PROD00001,4,1537.65,42.71
ITEM000936,ORD000151,PROD00181,5,13630.48,87.9
ITEM000937,ORD000394,PROD00352,2,29560.05,99.08
ITEM000938,ORD000230,PROD00053,5,21502.74,61.57
ITEM000939,ORD000122,PROD00185,2,53745.63,60.45
ITEM000940,ORD000183,PROD00220,9,20157.16,18.14
ITEM000941,ORD000436,PROD00077,5,37523.02,28.7
ITEM000942,ORD000897,PROD00054,5,54982.44,66.17
ITEM000943,ORD000956,PROD00136,2,47352.48,86.17
ITEM000944,ORD000153,PROD00399,3,19283.33,39.06
ITEM000945,ORD000739,PROD00408,8,48897.52,11.32
ITEM000946,ORD000438,PROD00492,5,8765.6,32.31
ITEM000947,ORD000131,PROD00094,7,21221.26,49.42
ITEM000948,ORD000493,PROD00356,7,36144.41,63.66
ITEM000949,ORD000142,PROD00411,4,23052.79,54.93
ITEM000950,ORD000552,PROD00274,8,31995.22,82.14
ITEM000951,ORD000394,PROD00043,10,42923.77,52.69
ITEM000952,ORD000796,PROD00356,4,42215.29,23.52
ITEM000953,ORD000003,PROD00105,1,21807.67,47.39
ITEM000954,ORD000137,PROD00472,2,3668.69,34.93
ITEM000955,ORD000870,PROD00435,3,17752.37,14.41
ITEM000956,ORD000874,PROD00283,7,14625.59,82.78
ITEM000957,ORD000058,PROD00383,-1,57726.91,70.4
ITEM000958,ORD000387,PROD00376,1,41797.74,42.47
ITEM000959,ORD000056,PROD00360,2,39798.56,7.38
ITEM000960,ORD000858,PROD00305,3,1908.13,36.52
ITEM000961,ORD000081,PROD00126,2,847.41,83.11
ITEM000962,ORD000427,PROD00077,3,28238.91,14.01
ITEM000963,ORD000541,PROD00358,5,28264.05,72.26
ITEM000964,ORD000455,PROD00401,1,17277.47,15.59
ITEM000965,ORD000903,PROD00329,1,36290.0,17.36
ITEM000966,ORD000165,PROD00006,7,49977.54,67.99
ITEM000967,ORD000897,PROD00233,9,42713.27,25.81
ITEM000968,ORD000586,PROD00257,5,42590.23,42.37
ITEM000969,ORD000161,PROD00140,2,31337.91,97.79
ITEM000970,ORD000129,PROD00381,4,24084.11,5.6
ITEM000971,ORD000402,PROD00095,9,36344.5,7.72
ITEM000972,ORD000710,PROD00240,8,18860.06,64.19
ITEM000973,ORD000848,PROD00195,3,3374.83,37.15
ITEM000974,ORD000435,PROD00100,5,6593.21,7.78
ITEM000975,ORD000618,PROD00399,6,1780.13,28.22
ITEM000976,ORD000555,PROD00055,2,12793.41,1.1
ITEM000977,ORD000932,PROD00159,4,33146.31,63.84
ITEM000978,ORD000034,PROD00124,5,5193.86,57.01
ITEM000979,ORD000046,PROD00289,8,2836.27,31.46
ITEM000980,ORD000967,PROD00159,1,58834.44,75.17
ITEM000981,ORD000982,PROD00204,9,11773.53,75.18
ITEM000982,ORD000744,PROD00183,3,42189.14,9.74
ITEM000983,ORD000418,PROD00460,9,6150.07,80.75
ITEM000984,ORD000154,PROD00013,10,47784.55,47.7
ITEM000985,ORD000890,PROD00437,1,17478.15,15.15
ITEM000986,ORD000475,PROD00041,2,57173.82,23.16
ITEM000987,ORD000221,PROD00414,3,46152.66,16.1
ITEM000988,ORD000987,PROD00257,9,59537.5,60.87
ITEM000989,ORD000536,PROD00477,6,26904.06,13.12
ITEM000990,ORD000298,PROD00185,-2,2496.77,71.28
ITEM000991,ORD000700,PROD00199,4,12608.36,61.04
ITEM000992,ORD000077,PROD00491,3,34057.36,99.44
ITEM000993,ORD000100,PROD00413,1,8643.09,87.05
ITEM000994,ORD000561,PROD00445,2,29984.84,45.48
ITEM000995,ORD000174,PROD00479,5,9772.2,28.01
ITEM000996,ORD000373,PROD00181,2,4360.92,71.07
ITEM000997,ORD000472,PROD00133,8,58711.18,76.31
ITEM000998,ORD000453,PROD00333,3,56395.79,97.17
ITEM000999,ORD000500,PROD00021,6,51554.29,40.09
ITEM001000,ORD000878,PROD00318,3,26505.58,51.25
ITEM001001,ORD000640,PROD00488,6,22483.62,68.22
ITEM001002,ORD000519,PROD00231,5,52656.78,99.12
ITEM001003,ORD000044,PROD00318,1,44488.45,24.48
ITEM001004,ORD000841,PROD00288,1,9358.28,10.53
ITEM001005,ORD000385,PROD00082,10,24016.9,7.3
ITEM001006,ORD000398,PROD00448,8,40182.12,34.89
ITEM001007,ORD000480,PROD00329,9,54017.58,46.49
ITEM001008,ORD000088,PROD00093,2,55055.88,92.25
ITEM001009,ORD000787,PROD00222,4,24151.08,6.45
ITEM001010,ORD000351,PROD00310,8,12836.85,74.13
ITEM001011,ORD000118,PROD00143,8,2393.11,15.57
ITEM001012,ORD000482,PROD00075,4,19279.18,3.13
ITEM001013,ORD000616,PROD00397,7,3837.78,80.85
ITEM001014,ORD000809,PROD00221,8,12883.91,21.15
ITEM001015,ORD000024,PROD00488,7,16263.9,63.57
ITEM001016,ORD000086,PROD00073,2,16506.93,8.17
ITEM001017,ORD000895,PROD00365,8,52290.22,52.48
ITEM001018,ORD000686,PROD00458,5,11126.29,5.37
ITEM001019,ORD000917,PROD00462,7,20586.95,75.32
ITEM001020,ORD000169,PROD00102,6,56522.3,48.16
ITEM001021,ORD000549,PROD00353,3,57938.83,43.68
ITEM001022,ORD000935,PROD00355,10,23409.36,0.99
ITEM001023,ORD000802,PROD00458,-1,4760.74,66.8
ITEM001024,ORD000632,PROD00075,6,39877.37,82.35
ITEM001025,ORD000752,PROD00381,6,949.79,89.65
ITEM001026,ORD000957,PROD00076,8,51871.65,11.36
ITEM001027,ORD000994,PROD00346,7,15841.88,72.23
ITEM001028,ORD000462,PROD00483,3,38094.15,63.89
ITEM001029,ORD000593,PROD00050,1,13195.5,97.9
ITEM001030,ORD000431,PROD00357,9,46485.63,60.09
ITEM001031,ORD000222,PROD00179,4,57147.38,97.17
ITEM001032,ORD000591,PROD00490,1,22278.36,36.38
ITEM001033,ORD000310,PROD00460,5,30174.9,86.78
ITEM001034,ORD000717,PROD00256,8,24901.82,35.17
ITEM001035,ORD000849,PROD00278,7,31437.87,76.51
ITEM001036,ORD000117,PROD00475,3,27583.53,37.31
ITEM001037,ORD000567,PROD00305,3,32611.5,38.16
ITEM001038,ORD000866,PROD00338,7,38083.02,70.21
ITEM001039,ORD000961,PROD00474,2,59722.26,80.59
ITEM001040,ORD000107,PROD00046,1,37014.0,41.13
ITEM001041,ORD000509,PROD00384,10,55641.01,9.97
ITEM001042,ORD000455,PROD00258,10,48371.65,66.77
ITEM001043,ORD000873,PROD00216,4,13450.47,45.46
ITEM001044,ORD000391,PROD00059,4,51394.92,95.06
ITEM001045,ORD000360,PROD00496,8,24834.79,82.04
ITEM001046,ORD000721,PROD00402,7,555.55,37.46
ITEM001047,ORD000230,PROD00260,5,16129.79,65.87
ITEM001048,ORD000315,PROD00430,7,40430.72,0.42
ITEM001049,ORD000931,PROD00213,1,1030.25,15.34
ITEM001050,ORD000384,PROD00431,9,49220.06,59.99
ITEM001051,ORD000344,PROD00088,10,59570.46,24.18
ITEM001052,ORD000997,PROD00201,4,37014.45,39.33
ITEM001053,ORD000053,PROD00411,10,25803.24,93.94
ITEM001054,ORD000400,PROD00373,3,24246.83,31.81
ITEM001055,ORD000163,PROD00224,4,6064.72,80.12
ITEM001056,ORD000517,PROD00061,-2,50597.54,62.73
ITEM001057,ORD000267,PROD00429,9,9627.28,32.24
ITEM001058,ORD000096,PROD00048,1,26301.52,62.89
ITEM001059,ORD000608,PROD00079,1,37124.17,54.37
ITEM001060,ORD000996,PROD00041,10,23006.05,74.23
ITEM001061,ORD000134,PROD00233,6,11274.65,65.25
ITEM001062,ORD000228,PROD00153,4,32171.49,24.53
ITEM001063,ORD000799,PROD00414,7,46246.46,65.93
ITEM001064,ORD000282,PROD00043,3,37683.54,63.84
ITEM001065,ORD000594,PROD00444,2,6744.8,92.72
ITEM001066,ORD000126,PROD00055,3,17019.54,89.46
ITEM001067,ORD000096,PROD00040,8,50692.95,91.27
ITEM001068,ORD000213,PROD00201,2,29513.11,2.2
ITEM001069,ORD000076,PROD00250,2,12696.73,41.99
ITEM001070,ORD000912,PROD00161,8,48532.09,17.98
ITEM001071,ORD000011,PROD00463,3,39614.02,63.12
ITEM001072,ORD000876,PROD00017,2,58557.36,99.37
ITEM001073,ORD000496,PROD00315,10,32834.32,15.84
ITEM001074,ORD000760,PROD00131,2,11651.43,2.96
ITEM001075,ORD000024,PROD00266,9,45681.56,21.63
ITEM001076,ORD000374,PROD00059,4,1866.91,13.86
ITEM001077,ORD000086,PROD00373,3,16128.67,48.16
ITEM001078,ORD000977,PROD00048,6,42514.21,65.19
ITEM001079,ORD000479,PROD00382,8,26220.11,94.63
ITEM001080,ORD000945,PROD00099,5,10460.27,68.71
ITEM001081,ORD000909,PROD00368,5,57716.09,10.29
ITEM001082,ORD000813,PROD00393,10,18763.95,79.41
ITEM001083,ORD000977,PROD00370,8,26064.95,44.62
ITEM001084,ORD000611,PROD00383,5,48971.94,62.29
ITEM001085,ORD000622,PROD00197,7,12063.27,35.29
ITEM001086,ORD000920,PROD00324,2,27019.26,88.94
ITEM001087,ORD000982,PROD00262,5,35253.47,29.35
ITEM001088,ORD000847,PROD00450,9,21199.97,2.99
ITEM001089,ORD000185,PROD00415,-2,47474.69,35.77
ITEM001090,ORD000075,PROD00111,6,22380.66,77.95
ITEM001091,ORD000126,PROD00005,6,41328.72,71.68
ITEM001092,ORD000219,PROD00239,10,47734.84,89.87
ITEM001093,ORD000576,PROD00034,7,17088.49,21.22
ITEM001094,ORD000223,PROD00053,9,16755.1,60.79
ITEM001095,ORD000905,PROD00414,2,34479.51,64.63
ITEM001096,ORD000699,PROD00388,7,19135.22,32.01
ITEM001097,ORD000202,PROD00026,8,29969.19,99.03
ITEM001098,ORD000432,PROD00062,2,27221.83,60.14
ITEM001099,ORD000606,PROD00197,4,34627.19,28.5
ITEM001100,ORD000660,PROD00402,10,59278.49,91.16
ITEM001101,ORD000292,PROD00068,7,2316.79,53.35
ITEM001102,ORD000541,PROD00021,6,38722.06,6.95
ITEM001103,ORD000098,PROD00425,7,43422.89,27.47
ITEM001104,ORD000772,PROD00178,7,4878.06,77.46
ITEM001105,ORD000506,PROD00314,1,23660.32,69.65
ITEM001106,ORD000466,PROD00253,2,50600.23,93.77
ITEM001107,ORD000106,PROD00015,4,2965.27,1.04
ITEM001108,ORD000108,PROD00166,7,13657.84,8.8
ITEM001109,ORD000742,PROD00462,6,48987.24,53.76
ITEM001110,ORD000006,PROD00479,1,15655.29,78.49
ITEM001111,ORD000114,PROD00025,5,4595.03,32.93
ITEM001112,ORD000628,PROD00406,7,16267.73,17.03
ITEM001113,ORD000142,PROD00299,8,7282.1,31.93
ITEM001114,ORD000152,PROD00386,10,53279.12,96.58
ITEM001115,ORD000424,PROD00327,8,40127.29,52.18
ITEM001116,ORD000247,PROD00296,8,39710.01,97.63
ITEM001117,ORD000330,PROD00396,8,13627.25,26.38
ITEM001118,ORD000304,PROD00365,2,21245.28,83.55
ITEM001119,ORD000249,PROD00338,4,41728.41,7.51
ITEM001120,ORD000507,PROD00031,4,886.37,21.61
ITEM001121,ORD000839,PROD00198,4,29309.97,34.05
ITEM001122,ORD000834,PROD00303,-3,51521.68,76.05
ITEM001123,ORD000320,PROD00363,8,39351.83,84.78
ITEM001124,ORD000109,PROD00469,3,13205.21,36.36
ITEM001125,ORD000999,PROD00232,10,30856.5,78.0
ITEM001126,ORD000193,PROD00036,5,25443.33,68.63
ITEM001127,ORD000975,PROD00446,10,38938.14,14.73
ITEM001128,ORD000898,PROD00055,2,14509.69,89.41
ITEM001129,ORD000192,PROD00137,1,28626.8,53.09
ITEM001130,ORD000361,PROD00136,2,55622.97,8.41
ITEM001131,ORD000442,PROD00109,3,23875.99,43.08
ITEM001132,ORD000342,PROD00028,8,16428.07,9.78
ITEM001133,ORD000665,PROD00196,7,11716.5,18.94
ITEM001134,ORD000181,PROD00305,5,31820.81,49.36
ITEM001135,ORD000444,PROD00056,1,38816.06,95.9
ITEM001136,ORD000225,PROD00059,1,53714.0,57.52
ITEM001137,ORD000245,PROD00034,9,6151.82,22.65
ITEM001138,ORD000636,PROD00359,7,23575.29,10.13
ITEM001139,ORD000752,PROD00422,5,29760.78,17.1
ITEM001140,ORD000209,PROD00178,5,42380.62,28.8
ITEM001141,ORD000004,PROD00049,3,30244.09,70.05
ITEM001142,ORD000489,PROD00379,5,51168.58,68.79
ITEM001143,ORD000175,PROD00162,2,10082.06,33.22
ITEM001144,ORD000467,PROD00073,1,39995.28,42.79
ITEM001145,ORD000022,PROD00091,5,52887.33,17.07
ITEM001146,ORD000779,PROD00437,1,35680.91,96.95
ITEM001147,ORD000598,PROD00001,8,52405.79,47.26
ITEM001148,ORD000047,PROD00420,1,34079.28,99.04
ITEM001149,ORD000856,PROD00117,9,30238.47,75.5
ITEM001150,ORD000794,PROD00049,2,18345.68,73.62
ITEM001151,ORD000464,PROD00252,6,59388.61,25.73
ITEM001152,ORD000499,PROD00130,6,27579.17,82.77
ITEM001153,ORD000309,PROD00364,6,53493.21,77.45
ITEM001154,ORD000878,PROD00443,10,29112.85,26.99
ITEM001155,ORD000532,PROD00373,-1,58720.38,85.63
ITEM001156,ORD000676,PROD00073,6,29920.15,24.44
ITEM001157,ORD000759,PROD00357,7,21629.25,74.44
ITEM001158,ORD000199,PROD00472,7,38360.15,96.55
ITEM001159,ORD000899,PROD00321,9,53963.36,44.93
ITEM001160,ORD000982,PROD00449,9,10579.64,91.03
ITEM001161,ORD000358,PROD00455,6,23522.47,41.73
ITEM001162,ORD000283,PROD00159,4,2561.89,52.01
ITEM001163,ORD000352,PROD00428,10,7465.38,79.53
ITEM001164,ORD000581,PROD00496,6,17375.67,96.95
ITEM001165,ORD000511,PROD00475,3,28032.42,15.02
ITEM001166,ORD000990,PROD00149,10,33532.64,16.26
ITEM001167,ORD000499,PROD00148,2,48007.13,1.56
ITEM001168,ORD000042,PROD00112,5,49545.69,12.34
ITEM001169,ORD000501,PROD00157,1,25876.34,66.03
ITEM001170,ORD000001,PROD00026,5,8349.36,87.87
ITEM001171,ORD000805,PROD00440,9,39953.03,76.89
ITEM001172,ORD000159,PROD00489,2,42820.51,14.26
ITEM001173,ORD000751,PROD00101,7,35154.97,8.07
ITEM001174,ORD000225,PROD00017,8,55982.79,24.87
ITEM001175,ORD000695,PROD00327,7,25411.54,96.69
ITEM001176,ORD000101,PROD00458,5,55219.63,59.7
ITEM001177,ORD000178,PROD00289,7,40767.5,32.25
ITEM001178,ORD000593,PROD00072,4,15076.22,41.63
ITEM001179,ORD000205,PROD00155,5,5227.32,56.67
ITEM001180,ORD000644,PROD00237,9,11083.99,78.24
ITEM001181,ORD000854,PROD00224,2,8402.73,44.19
ITEM001182,ORD000321,PROD00258,6,28155.89,42.77
ITEM001183,ORD000431,PROD00493,7,27730.91,91.26
ITEM001184,ORD000028,PROD00491,7,5396.9,14.06
ITEM001185,ORD000929,PROD00155,4,34861.31,37.31
ITEM001186,ORD000636,PROD00279,10,52680.53,5.35
ITEM001187,ORD000866,PROD00202,3,24236.23,0.6
ITEM001188,ORD000827,PROD00391,-2,50367.96,8.47
ITEM001189,ORD000277,PROD00425,2,20075.66,9.74
ITEM001190,ORD000298,PROD00290,8,41466.51,86.43
ITEM001191,ORD000125,PROD00380,10,40497.34,73.94
ITEM001192,ORD000055,PROD00360,4,31024.22,56.2
ITEM001193,ORD000991,PROD00254,3,13490.26,67.57
ITEM001194,ORD000873,PROD00080,5,37731.54,71.91
ITEM001195,ORD000960,PROD00004,8,37457.47,20.07
ITEM001196,ORD000069,PROD00001,3,36267.06,12.1
ITEM001197,ORD000100,PROD00127,4,6306.06,2.47
ITEM001198,ORD000518,PROD00228,7,3433.62,12.18
ITEM001199,ORD000415,PROD00248,3,49234.23,84.17
ITEM001200,ORD000560,PROD00134,10,40911.09,85.93
ITEM001201,ORD000632,PROD00064,7,8860.16,2.17
ITEM001202,ORD000146,PROD00420,4,10329.45,74.17
ITEM001203,ORD000560,PROD00103,8,28879.94,28.94
ITEM001204,ORD000103,PROD00492,10,29628.55,66.77
ITEM001205,ORD000401,PROD00198,2,27891.43,81.35
ITEM001206,ORD000152,PROD00015,5,27479.23,56.42
ITEM001207,ORD000012,PROD00298,5,2141.6,65.04
ITEM001208,ORD000673,PROD00318,8,2653.64,90.71
ITEM001209,ORD000986,PROD00072,8,52957.21,45.84
ITEM001210,ORD000010,PROD00082,6,30088.24,86.1
ITEM001211,ORD000216,PROD00179,9,23498.4,6.28
ITEM001212,ORD000672,PROD00078,6,39390.41,56.31
ITEM001213,ORD000471,PROD00367,3,16772.57,76.26
ITEM001214,ORD000311,PROD00473,7,4185.79,83.93
ITEM001215,ORD000496,PROD00193,8,36389.92,18.04
ITEM001216,ORD000726,PROD00475,9,46546.34,52.54
ITEM001217,ORD000133,PROD00358,6,35372.24,58.07
ITEM001218,ORD000599,PROD00317,7,4147.44,2.95
ITEM001219,ORD000751,PROD00082,4,5882.77,10.62
ITEM001220,ORD000957,PROD00348,8,19487.2,23.15
ITEM001221,ORD000791,PROD00414,-1,53997.68,17.4
ITEM001222,ORD000914,PROD00197,7,55350.31,6.19
ITEM001223,ORD000257,PROD00059,1,50823.43,7.29
ITEM001224,ORD000782,PROD00192,10,37914.51,2.95
ITEM001225,ORD000179,PROD00165,2,41953.67,37.76
ITEM001226,ORD000653,PROD00294,9,12064.09,25.25
ITEM001227,ORD000449,PROD00348,5,13607.24,74.22
ITEM001228,ORD000445,PROD00417,9,48539.47,19.23
ITEM001229,ORD000597,PROD00013,2,12292.02,81.0
ITEM001230,ORD000915,PROD00003,6,46485.7,56.83
ITEM001231,ORD000886,PROD00037,6,11199.73,73.0
ITEM001232,ORD000933,PROD00373,9,29820.91,83.24
ITEM001233,ORD000585,PROD00424,8,30100.93,35.65
ITEM001234,ORD000922,PROD00287,3,48115.59,43.89
ITEM001235,ORD000641,PROD00193,2,34192.23,12.72
ITEM001236,ORD000530,PROD00153,2,7163.86,23.06
ITEM001237,ORD000616,PROD00277,6,1450.29,82.13
ITEM001238,ORD000297,PROD00473,5,23486.54,35.79
ITEM001239,ORD000894,PROD00447,3,58090.08,7.48
ITEM001240,ORD000590,PROD00124,9,55915.36,50.0
ITEM001241,ORD000409,PROD00317,1,32801.9,89.18
ITEM001242,ORD000597,PROD00242,5,39228.6,3.23
ITEM001243,ORD000432,PROD00134,4,20139.02,76.47
ITEM001244,ORD000143,PROD00105,9,49024.07,32.96
ITEM001245,ORD000776,PROD00340,1,14213.47,7.29
ITEM001246,ORD000971,PROD00289,10,42215.14,76.56
ITEM001247,ORD000037,PROD00178,2,56999.48,59.81
ITEM001248,ORD000628,PROD00476,2,53262.37,47.88
ITEM001249,ORD000133,PROD00139,1,6333.27,49.66
ITEM001250,ORD000231,PROD00333,6,25947.78,30.34
ITEM001251,ORD000871,PROD00449,4,1384.45,5.54
ITEM001252,ORD000793,PROD00401,4,32097.73,86.03
ITEM001253,ORD000699,PROD00351,1,33194.51,5.21
ITEM001254,ORD000785,PROD00194,-2,42110.13,54.95
ITEM001255,ORD000119,PROD00225,2,53839.09,98.25
ITEM001256,ORD000377,PROD00181,4,20653.23,91.81
ITEM001257,ORD000244,PROD00119,2,35358.19,22.71
ITEM001258,ORD000766,PROD00386,9,34126.11,99.09
ITEM001259,ORD000016,PROD00448,4,48776.05,7.66
ITEM001260,ORD000130,PROD00225,3,17027.5,31.41
ITEM001261,ORD000617,PROD00336,4,59885.52,12.97
ITEM001262,ORD000408,PROD00246,2,39429.76,7.64
ITEM001263,ORD000961,PROD00279,4,29746.26,73.52
ITEM001264,ORD000366,PROD00460,4,26668.16,30.27
ITEM001265,ORD000376,PROD00400,9,17631.74,65.36
ITEM001266,ORD000540,PROD00458,5,19199.65,54.14
ITEM001267,ORD000107,PROD00028,6,54035.48,70.55
ITEM001268,ORD000637,PROD00249,5,4798.92,91.2
ITEM001269,ORD000862,PROD00500,9,13909.1,74.19
ITEM001270,ORD000216,PROD00063,6,43522.15,78.79
ITEM001271,ORD000037,PROD00121,8,39029.49,45.38
ITEM001272,ORD000117,PROD00011,8,50195.88,27.03
ITEM001273,ORD000603,PROD00197,5,49648.01,8.45
ITEM001274,ORD000286,PROD00438,10,23097.78,1.88
ITEM001275,ORD000392,PROD00197,8,2760.49,20.57
ITEM001276,ORD000189,PROD00338,7,31996.27,66.04
ITEM001277,ORD000033,PROD00278,6,56239.71,91.01
ITEM001278,ORD000773,PROD00458,6,55369.65,90.74
ITEM001279,ORD000830,PROD00386,10,13070.99,2.73
ITEM001280,ORD000744,PROD00425,10,26101.15,42.75
ITEM001281,ORD000747,PROD00476,1,48463.06,55.33
ITEM001282,ORD000976,PROD00370,5,51524.99,93.8
ITEM001283,ORD000475,PROD00218,10,43181.29,76.9
ITEM001284,ORD000267,PROD00084,7,28093.22,99.26
ITEM001285,ORD000244,PROD00068,1,16913.94,68.26
ITEM001286,ORD000281,PROD00044,4,46303.22,29.58
ITEM001287,ORD000585,PROD00203,-3,16528.77,26.87
ITEM001288,ORD000257,PROD00401,10,839.11,30.69
ITEM001289,ORD000677,PROD00165,5,50870.8,44.38
ITEM001290,ORD000018,PROD00226,1,28039.73,96.59
ITEM001291,ORD000492,PROD00327,9,13148.77,5.86
ITEM001292,ORD000962,PROD00041,5,53832.95,55.14
ITEM001293,ORD000977,PROD00033,8,10870.25,76.6
ITEM001294,ORD000283,PROD00133,8,7720.63,63.03
ITEM001295,ORD000151,PROD00447,10,39393.09,23.27
ITEM001296,ORD000671,PROD00020,3,41098.04,86.06
ITEM001297,ORD000594,PROD00163,1,33249.12,22.8
ITEM001298,ORD000975,PROD00366,5,58519.41,1.61
ITEM001299,ORD000866,PROD00440,6,32472.44,4.47
ITEM001300,ORD000241,PROD00180,2,4741.0,44.38
ITEM001301,ORD000524,PROD00040,4,12322.11,57.04
ITEM001302,ORD000850,PROD00422,7,4376.45,42.65
ITEM001303,ORD000290,PROD00074,1,19659.78,78.82
ITEM001304,ORD000344,PROD00500,7,53853.79,37.47
ITEM001305,ORD000966,PROD00499,5,37352.79,16.03
ITEM001306,ORD000046,PROD00149,3,54721.17,2.55
ITEM001307,ORD000624,PROD00109,6,30696.69,78.09
ITEM001308,ORD000521,PROD00402,10,42799.13,93.99
ITEM001309,ORD000388,PROD00426,10,2052.71,72.63
ITEM001310,ORD000391,PROD00391,2,57315.24,95.86
ITEM001311,ORD000230,PROD00290,9,59869.0,63.03
ITEM001312,ORD000752,PROD00215,9,44009.44,84.76
ITEM001313,ORD000541,PROD00409,1,36465.41,65.92
ITEM001314,ORD000533,PROD00226,6,16224.04,83.6
ITEM001315,ORD000301,PROD00467,4,19788.2,79.9
ITEM001316,ORD000371,PROD00119,8,18957.5,97.24
ITEM001317,ORD000710,PROD00124,8,43994.62,88.02
ITEM001318,ORD000371,PROD00041,6,33671.38,7.64
ITEM001319,ORD000371,PROD00335,8,36352.59,44.9
ITEM001320,ORD000429,PROD00118,-1,55550.45,24.49
ITEM001321,ORD000932,PROD00209,10,39987.57,60.55
ITEM001322,ORD000815,PROD00147,6,18899.28,8.15
ITEM001323,ORD000432,PROD00259,3,34603.1,63.26
ITEM001324,ORD000792,PROD00102,3,52596.7,1.55
ITEM001325,ORD000124,PROD00215,5,45954.02,71.14
ITEM001326,ORD000482,PROD00381,2,7671.24,3.41
ITEM001327,ORD000442,PROD00013,3,59397.02,13.24
ITEM001328,ORD000888,PROD00272,7,54265.2,35.44
ITEM001329,ORD000412,PROD00357,9,14561.95,29.34
ITEM001330,ORD000345,PROD00460,6,35529.53,61.66
ITEM001331,ORD000740,PROD00024,2,44351.03,35.5
ITEM001332,ORD000460,PROD00467,7,37886.84,74.07
ITEM001333,ORD000447,PROD00149,8,42036.81,73.34
ITEM001334,ORD000742,PROD00393,10,54988.88,93.66
ITEM001335,ORD000086,PROD00078,1,35653.84,36.99
ITEM001336,ORD000665,PROD00233,7,19294.17,17.67
ITEM001337,ORD000740,PROD00302,5,56691.61,9.69
ITEM001338,ORD000305,PROD00253,6,2992.45,51.77
ITEM001339,ORD000538,PROD00297,9,50659.52,42.67
ITEM001340,ORD000331,PROD00197,6,45462.28,95.35
ITEM001341,ORD000043,PROD00417,4,25889.21,27.83
ITEM001342,ORD000901,PROD00316,6,6058.05,28.48
ITEM001343,ORD000122,PROD00148,5,29249.48,22.36
ITEM001344,ORD000174,PROD00148,5,59329.45,75.35
ITEM001345,ORD000947,PROD00119,5,8546.09,20.68
ITEM001346,ORD000859,PROD00261,3,1738.27,90.25
ITEM001347,ORD000983,PROD00457,9,32321.16,19.51
ITEM001348,ORD000501,PROD00427,1,22235.48,28.18
ITEM001349,ORD000971,PROD00293,7,43952.16,52.09
ITEM001350,ORD000851,PROD00233,5,55087.91,71.63
ITEM001351,ORD000942,PROD00433,2,26719.86,43.23
ITEM001352,ORD000270,PROD00045,3,59585.33,73.16
ITEM001353,ORD000120,PROD00496,-1,44682.22,22.24
ITEM001354,ORD000077,PROD00168,3,30472.9,27.61
ITEM001355,ORD000646,PROD00377,9,40357.68,7.41
ITEM001356,ORD000705,PROD00162,1,26059.32,93.24
ITEM001357,ORD000814,PROD00267,6,11504.88,55.82
ITEM001358,ORD000858,PROD00450,1,56956.03,62.73
ITEM001359,ORD000252,PROD00071,10,22634.92,94.32
ITEM001360,ORD000690,PROD00101,5,28259.91,48.45
ITEM001361,ORD000192,PROD00376,8,17027.72,19.86
ITEM001362,ORD000897,PROD00046,9,51443.69,74.94
ITEM001363,ORD000004,PROD00223,2,29492.4,61.12
ITEM001364,ORD000728,PROD00092,1,25147.74,26.31
ITEM001365,ORD000390,PROD00324,10,14159.48,34.87
ITEM001366,ORD000544,PROD00337,3,52685.59,84.07
ITEM001367,ORD000897,PROD00150,8,29464.3,63.0
ITEM001368,ORD000613,PROD00183,9,28909.45,9.65
ITEM001369,ORD000116,PROD00494,5,25233.68,44.72
ITEM001370,ORD000254,PROD00340,7,7037.57,46.47
ITEM001371,ORD000327,PROD00339,2,20919.96,39.81
ITEM001372,ORD000132,PROD00397,8,50423.24,86.4
ITEM001373,ORD000616,PROD00211,4,1834.86,26.79
ITEM001374,ORD000221,PROD00456,7,3742.12,77.18
ITEM001375,ORD000268,PROD00346,6,24732.62,80.9
ITEM001376,ORD000436,PROD00205,5,54750.89,26.83
ITEM001377,ORD000746,PROD00113,6,38212.34,4.56
ITEM001378,ORD000459,PROD00210,4,34393.09,16.65
ITEM001379,ORD000212,PROD00400,2,56877.88,61.33
ITEM001380,ORD000338,PROD00067,10,32432.06,95.03
ITEM001381,ORD000022,PROD00411,7,5506.14,70.47
ITEM001382,ORD000935,PROD00181,9,3901.54,4.92
ITEM001383,ORD000216,PROD00186,9,11986.54,15.7
ITEM001384,ORD000549,PROD00203,4,17482.23,16.14
ITEM001385,ORD000383,PROD00170,7,13015.34,73.33
ITEM001386,ORD000963,PROD00007,-1,45331.8,52.66
ITEM001387,ORD000514,PROD00204,8,2632.88,28.31
ITEM001388,ORD000025,PROD00118,4,2123.3,74.99
ITEM001389,ORD000833,PROD00402,7,39351.03,13.12
ITEM001390,ORD000759,PROD00449,5,51732.82,7.65
ITEM001391,ORD000517,PROD00370,7,1307.24,74.27
ITEM001392,ORD000555,PROD00310,3,5823.84,58.82
ITEM001393,ORD000401,PROD00100,10,51572.25,78.48
ITEM001394,ORD000436,PROD00263,1,18199.02,45.89
ITEM001395,ORD000103,PROD00136,10,28336.88,29.12
ITEM001396,ORD000096,PROD00114,7,33703.68,48.33
ITEM001397,ORD000930,PROD00360,9,30444.95,38.24
ITEM001398,ORD000509,PROD00373,7,57092.3,76.27
ITEM001399,ORD000732,PROD00056,8,13521.25,97.52
ITEM001400,ORD000407,PROD00395,4,26880.41,47.68
ITEM001401,ORD000112,PROD00330,5,20012.88,80.97
ITEM001402,ORD001000,PROD00043,2,33697.04,20.77
ITEM001403,ORD000965,PROD00251,10,15073.15,14.13
ITEM001404,ORD000632,PROD00430,8,31452.0,83.97
ITEM001405,ORD000779,PROD00120,1,46067.77,25.2
ITEM001406,ORD000319,PROD00380,6,50075.97,3.65
ITEM001407,ORD000706,PROD00290,10,24451.4,0.56
ITEM001408,ORD000707,PROD00108,9,47702.28,54.56
ITEM001409,ORD000321,PROD00492,4,19378.09,70.89
ITEM001410,ORD000527,PROD00285,2,55281.7,42.57
ITEM001411,ORD000080,PROD00193,3,45437.51,16.21
ITEM001412,ORD000767,PROD00063,3,11922.32,86.97
ITEM001413,ORD000117,PROD00020,7,29761.55,62.62
ITEM001414,ORD000538,PROD00250,3,44964.71,54.71
ITEM001415,ORD000409,PROD00005,5,7143.24,99.57
ITEM001416,ORD000738,PROD00473,5,31396.56,61.51
ITEM001417,ORD000381,PROD00289,3,8576.9,52.33
ITEM001418,ORD000210,PROD00412,10,57124.52,37.13
ITEM001419,ORD000620,PROD00129,-2,12715.97,33.02
ITEM001420,ORD000765,PROD00369,3,9937.87,71.51
ITEM001421,ORD000486,PROD00006,6,25036.55,15.03
ITEM001422,ORD000069,PROD00003,5,42117.73,19.93
ITEM001423,ORD000097,PROD00276,8,19929.0,6.11
ITEM001424,ORD000480,PROD00305,3,4099.64,63.63
ITEM001425,ORD000905,PROD00116,6,37766.42,92.79
ITEM001426,ORD000282,PROD00146,7,35109.66,30.58
ITEM001427,ORD000640,PROD00393,7,56065.04,56.11
ITEM001428,ORD000657,PROD00338,4,4740.82,15.24
ITEM001429,ORD000749,PROD00111,5,10781.68,56.37
ITEM001430,ORD000130,PROD00409,9,35280.29,76.61
ITEM001431,ORD000339,PROD00295,10,36326.03,96.67
ITEM001432,ORD000755,PROD00447,10,40142.97,47.34
ITEM001433,ORD000173,PROD00002,4,59346.32,9.13
ITEM001434,ORD000823,PROD00315,3,8685.67,47.55
ITEM001435,ORD000001,PROD00166,2,53767.61,5.22
ITEM001436,ORD000524,PROD00414,8,25581.8,47.17
ITEM001437,ORD000310,PROD00257,2,14522.3,39.32
ITEM001438,ORD000793,PROD00198,8,21364.0,83.86
ITEM001439,ORD000325,PROD00272,2,53008.81,84.22
ITEM001440,ORD000979,PROD00086,5,42709.73,83.99
ITEM001441,ORD000574,PROD00227,8,41736.48,25.05
ITEM001442,ORD000124,PROD00286,7,39160.32,17.8
ITEM001443,ORD000887,PROD00188,8,46267.61,34.6
ITEM001444,ORD000435,PROD00110,10,33631.66,99.79
ITEM001445,ORD000962,PROD00098,7,22514.93,93.32
ITEM001446,ORD000011,PROD00101,8,21723.38,19.49
ITEM001447,ORD000601,PROD00159,6,5737.1,36.89
ITEM001448,ORD000260,PROD00258,1,36445.79,3.35
ITEM001449,ORD000282,PROD00329,8,23957.81,99.57
ITEM001450,ORD000722,PROD00130,5,37553.7,97.11
ITEM001451,ORD000844,PROD00016,8,59834.17,63.22
ITEM001452,ORD000503,PROD00089,-3,52508.72,75.06
ITEM001453,ORD000827,PROD00054,1,22235.08,61.29
ITEM001454,ORD000731,PROD00079,3,52267.7,13.16
ITEM001455,ORD000430,PROD00428,2,3457.27,63.75
ITEM001456,ORD000064,PROD00161,2,51487.63,27.75
ITEM001457,ORD000874,PROD00100,10,44273.47,33.27
ITEM001458,ORD000689,PROD00435,6,53874.41,16.92
ITEM001459,ORD000601,PROD00370,6,31028.79,94.05
ITEM001460,ORD000413,PROD00214,1,3990.8,82.5
ITEM001461,ORD000514,PROD00076,5,5129.73,44.34
ITEM001462,ORD000283,PROD00312,4,41354.13,40.93
ITEM001463,ORD000651,PROD00383,1,18738.75,56.06
ITEM001464,ORD000121,PROD00175,8,34133.58,69.63
ITEM001465,ORD000580,PROD00477,8,5380.9,91.8
ITEM001466,ORD000187,PROD00374,2,11220.97,59.11
ITEM001467,ORD000989,PROD00011,3,47345.33,21.75
ITEM001468,ORD000384,PROD00236,2,52644.18,94.32
ITEM001469,ORD000316,PROD00429,4,44869.77,73.81
ITEM001470,ORD000318,PROD00028,7,42384.25,17.8
ITEM001471,ORD000144,PROD00290,6,24897.57,83.53
ITEM001472,ORD000280,PROD00453,4,10709.01,29.49
ITEM001473,ORD000715,PROD00226,5,5635.48,35.52
ITEM001474,ORD000373,PROD00179,9,27035.42,63.1
ITEM001475,ORD000852,PROD00088,1,56984.94,58.52
ITEM001476,ORD000160,PROD00276,10,12718.7,70.22
ITEM001477,ORD000356,PROD00331,5,12526.07,69.97
ITEM001478,ORD000516,PROD00283,5,5536.37,77.34
ITEM001479,ORD000265,PROD00112,8,15724.67,92.19
ITEM001480,ORD000530,PROD00338,3,28565.07,46.72
ITEM001481,ORD000331,PROD00191,10,22736.82,58.84
ITEM001482,ORD000035,PROD00166,2,37805.38,86.93
ITEM001483,ORD000009,PROD00082,7,28582.21,33.67
ITEM001484,ORD000925,PROD00052,3,54797.61,30.63
ITEM001485,ORD000479,PROD00280,-1,26396.62,61.66
ITEM001486,ORD000608,PROD00295,7,43884.2,47.36
ITEM001487,ORD000250,PROD00130,6,36096.42,48.26
ITEM001488,ORD000411,PROD00154,1,58248.86,87.74
ITEM001489,ORD000782,PROD00479,9,6560.53,42.59
ITEM001490,ORD000276,PROD00489,10,24104.93,2.86
ITEM001491,ORD000525,PROD00086,5,53207.06,96.52
ITEM001492,ORD000966,PROD00269,4,57094.48,56.8
ITEM001493,ORD000143,PROD00067,6,47335.31,5.38
ITEM001494,ORD000093,PROD00159,3,48109.23,45.87
ITEM001495,ORD000170,PROD00236,1,39550.66,20.04
ITEM001496,ORD000177,PROD00155,5,4914.48,23.62
ITEM001497,ORD000209,PROD00224,2,43475.65,15.41
ITEM001498,ORD000569,PROD00433,6,396.19,15.93
ITEM001499,ORD000103,PROD00242,9,41238.51,69.88
ITEM001500,ORD000935,PROD00242,7,49897.68,70.62
ITEM001501,ORD000782,PROD00470,2,23315.68,31.84
ITEM001502,ORD000958,PROD00069,7,46418.3,89.8
ITEM001503,ORD000840,PROD00346,7,35856.64,53.41
ITEM001504,ORD000356,PROD00251,10,1711.09,88.56
ITEM001505,ORD000183,PROD00394,4,22211.04,33.99
ITEM001506,ORD000843,PROD00001,10,35990.29,39.82
ITEM001507,ORD000080,PROD00331,4,8370.99,18.8
ITEM001508,ORD000217,PROD00155,7,5661.74,38.41
ITEM001509,ORD000185,PROD00218,3,17169.35,38.68
ITEM001510,ORD000841,PROD00247,1,15735.07,95.5
ITEM001511,ORD000184,PROD00084,7,40972.15,83.42
ITEM001512,ORD000477,PROD00413,2,20842.58,73.27
ITEM001513,ORD000672,PROD00442,7,48232.66,1.22
ITEM001514,ORD000327,PROD00066,10,30467.53,68.63
ITEM001515,ORD000012,PROD00249,7,25405.18,5.45
ITEM001516,ORD000436,PROD00133,2,36257.8,80.24
ITEM001517,ORD000462,PROD00258,6,46882.11,71.2
ITEM001518,ORD000865,PROD00274,-1,47151.13,98.07
ITEM001519,ORD000545,PROD00389,7,52231.83,8.0
ITEM001520,ORD000008,PROD00173,10,15544.41,51.49
ITEM001521,ORD000630,PROD00373,8,26149.79,46.48
ITEM001522,ORD000041,PROD00063,8,27669.02,5.01
ITEM001523,ORD000614,PROD00352,6,15214.38,33.75
ITEM001524,ORD000304,PROD00393,1,32610.64,17.87
ITEM001525,ORD000366,PROD00214,1,26861.53,29.77
ITEM001526,ORD000037,PROD00306,2,21498.94,3.66
ITEM001527,ORD000757,PROD00203,4,10596.5,53.5
ITEM001528,ORD000130,PROD00373,3,38011.91,43.11
ITEM001529,ORD000282,PROD00177,8,41370.62,24.41
ITEM001530,ORD000846,PROD00463,9,34187.19,4.06
ITEM001531,ORD000335,PROD00191,1,8890.35,97.68
ITEM001532,ORD000654,PROD00416,2,22976.59,98.03
ITEM001533,ORD000081,PROD00173,5,25409.54,2.24
ITEM001534,ORD000974,PROD00383,5,43323.48,74.27
ITEM001535,ORD000082,PROD00429,7,57913.09,79.36
ITEM001536,ORD000585,PROD00134,5,36973.33,53.92
ITEM001537,ORD000813,PROD00125,1,22516.76,47.29
ITEM001538,ORD000779,PROD00479,7,16559.73,68.89
ITEM001539,ORD000191,PROD00142,9,40319.23,60.46
ITEM001540,ORD000932,PROD00093,5,16433.5,40.72
ITEM001541,ORD000020,PROD00401,7,39467.05,27.48
ITEM001542,ORD000474,PROD00307,6,5919.15,22.48
ITEM001543,ORD000727,PROD00167,4,3916.98,28.78
ITEM001544,ORD000730,PROD00312,8,35316.06,63.48
ITEM001545,ORD000337,PROD00278,7,28588.61,55.77
ITEM001546,ORD000352,PROD00175,6,20847.34,44.44
ITEM001547,ORD000474,PROD00438,8,12717.18,69.77
ITEM001548,ORD000690,PROD00200,5,24236.0,66.07
ITEM001549,ORD000586,PROD00496,2,37919.91,56.13
ITEM001550,ORD000354,PROD00043,4,44905.85,52.96
ITEM001551,ORD000312,PROD00150,-2,40502.63,2.96
ITEM001552,ORD000640,PROD00300,3,37493.48,56.49
ITEM001553,ORD000426,PROD00392,1,45108.17,28.39
ITEM001554,ORD000762,PROD00252,4,22579.53,53.76
ITEM001555,ORD000388,PROD00311,2,5909.09,21.83
ITEM001556,ORD000114,PROD00293,5,10799.48,15.91
ITEM001557,ORD000797,PROD00377,7,33049.21,35.2
ITEM001558,ORD000223,PROD00215,10,16804.9,77.05
ITEM001559,ORD000646,PROD00055,6,30188.05,53.25
ITEM001560,ORD000231,PROD00440,7,29740.51,46.39
ITEM001561,ORD000846,PROD00474,8,9502.37,87.33
ITEM001562,ORD000410,PROD00148,1,32006.68,33.41
ITEM001563,ORD000476,PROD00336,3,41032.77,9.83
ITEM001564,ORD000595,PROD00335,7,58457.42,41.03
ITEM001565,ORD000652,PROD00015,10,13529.14,60.97
ITEM001566,ORD000516,PROD00042,10,34278.02,40.88
ITEM001567,ORD000024,PROD00167,10,15071.45,56.93
ITEM001568,ORD000484,PROD00351,2,57115.58,2.27
ITEM001569,ORD000616,PROD00453,7,33168.24,86.34
ITEM001570,ORD000871,PROD00468,3,27520.36,72.31
ITEM001571,ORD000246,PROD00090,8,56234.74,92.14
ITEM001572,ORD000331,PROD00068,5,3982.29,3.09
ITEM001573,ORD000592,PROD00237,8,14778.31,60.32
ITEM001574,ORD000248,PROD00408,3,58371.04,50.02
ITEM001575,ORD000114,PROD00412,10,50288.74,87.21
ITEM001576,ORD000931,PROD00082,4,27786.51,96.25
ITEM001577,ORD000008,PROD00384,1,40953.21,40.63
ITEM001578,ORD000533,PROD00241,7,4314.9,41.71
ITEM001579,ORD000267,PROD00453,9,7346.82,77.66
ITEM001580,ORD000663,PROD00274,1,26367.42,82.78
ITEM001581,ORD000062,PROD00150,7,49715.63,72.52
ITEM001582,ORD000041,PROD00187,7,43025.82,51.16
ITEM001583,ORD000666,PROD00226,7,47266.67,10.36
ITEM001584,ORD000868,PROD00135,-1,43347.45,36.65
ITEM001585,ORD000673,PROD00174,3,54787.18,79.56
ITEM001586,ORD000216,PROD00136,2,19868.54,69.37
ITEM001587,ORD000470,PROD00461,8,45174.9,75.7
ITEM001588,ORD000351,PROD00152,8,19906.61,45.04
ITEM001589,ORD000265,PROD00291,5,35706.24,76.13
ITEM001590,ORD000152,PROD00268,5,1653.84,88.02
ITEM001591,ORD000578,PROD00186,5,18469.1,71.58
ITEM001592,ORD000582,PROD00325,5,28569.56,43.99
ITEM001593,ORD000302,PROD00080,3,8876.92,29.23
ITEM001594,ORD000394,PROD00132,4,1777.48,21.17
ITEM001595,ORD000311,PROD00076,10,822.8,36.42
ITEM001596,ORD000521,PROD00382,9,24410.09,61.85
ITEM001597,ORD000175,PROD00498,6,38666.71,58.71
ITEM001598,ORD000514,PROD00161,9,22524.32,86.54
ITEM001599,ORD000497,PROD00332,3,52259.86,48.21
ITEM001600,ORD000496,PROD00460,7,952.53,94.69
ITEM001601,ORD000351,PROD00116,5,12465.11,15.01
ITEM001602,ORD000624,PROD00399,2,39034.8,35.65
ITEM001603,ORD000471,PROD00292,1,50414.63,84.57
ITEM001604,ORD000802,PROD00404,9,53898.27,74.14
ITEM001605,ORD000373,PROD00341,1,23969.62,9.88
ITEM001606,ORD000338,PROD00260,2,16361.27,96.17
ITEM001607,ORD000867,PROD00380,9,52369.68,97.04
ITEM001608,ORD000058,PROD00229,10,31424.63,24.47
ITEM001609,ORD000817,PROD00379,3,41412.97,65.08
ITEM001610,ORD000251,PROD00117,8,10728.1,97.94
ITEM001611,ORD000273,PROD00283,5,5572.42,19.0
ITEM001612,ORD000851,PROD00470,2,54377.84,13.25
ITEM001613,ORD000311,PROD00032,4,13732.42,58.57
ITEM001614,ORD000596,PROD00245,8,5986.39,88.16
ITEM001615,ORD000053,PROD00164,2,11865.91,11.64
ITEM001616,ORD000086,PROD00244,4,6082.57,58.94
ITEM001617,ORD000613,PROD00250,-3,675.19,42.98
ITEM001618,ORD000927,PROD00058,8,46666.01,19.48
ITEM001619,ORD000826,PROD00326,10,45357.03,99.22
ITEM001620,ORD000258,PROD00387,7,36121.11,49.26
ITEM001621,ORD000181,PROD00169,9,29048.45,28.38
ITEM001622,ORD000661,PROD00154,5,52048.93,24.9
ITEM001623,ORD000282,PROD00348,9,30233.43,62.59
ITEM001624,ORD000115,PROD00388,3,29306.07,31.92
ITEM001625,ORD000998,PROD00261,8,29797.7,17.88
ITEM001626,ORD000779,PROD00222,5,5764.62,86.2
ITEM001627,ORD000351,PROD00327,9,49371.21,19.36
ITEM001628,ORD000112,PROD00391,4,12871.67,50.18
ITEM001629,ORD000328,PROD00393,9,28365.35,68.47
ITEM001630,ORD000950,PROD00313,4,34303.4,15.46
ITEM001631,ORD000161,PROD00099,7,47170.09,85.24
ITEM001632,ORD000625,PROD00340,3,19608.31,51.65
ITEM001633,ORD000486,PROD00335,10,47346.04,77.98
ITEM001634,ORD000276,PROD00118,5,28371.7,85.62
ITEM001635,ORD000311,PROD00190,3,18443.32,72.67
ITEM001636,ORD000850,PROD00382,6,27037.5,42.53
ITEM001637,ORD000403,PROD00391,7,439.78,94.0
ITEM001638,ORD000057,PROD00496,7,21281.36,80.54
ITEM001639,ORD000999,PROD00234,5,1266.83,70.43
ITEM001640,ORD000214,PROD00339,5,17758.33,37.35
ITEM001641,ORD000330,PROD00219,7,19608.54,56.0
ITEM001642,ORD000205,PROD00409,4,37091.59,44.01
ITEM001643,ORD000281,PROD00055,2,14663.96,32.55
ITEM001644,ORD000492,PROD00483,10,28245.32,97.11
ITEM001645,ORD000048,PROD00400,7,41299.28,90.89
ITEM001646,ORD000499,PROD00128,5,59217.06,58.61
ITEM001647,ORD000061,PROD00052,1,38413.76,27.6
ITEM001648,ORD000379,PROD00225,5,6750.74,13.43
ITEM001649,ORD000768,PROD00038,6,58633.01,73.24
ITEM001650,ORD000845,PROD00078,-3,18001.45,20.0
ITEM001651,ORD000091,PROD00225,4,19737.74,54.66
ITEM001652,ORD000677,PROD00134,9,31908.55,29.14
ITEM001653,ORD000023,PROD00072,2,52256.45,69.93
ITEM001654,ORD000757,PROD00161,6,54315.7,44.58
ITEM001655,ORD000906,PROD00110,3,19343.9,22.77
ITEM001656,ORD000371,PROD00171,4,40692.36,70.41
ITEM001657,ORD000262,PROD00310,1,8502.17,64.22
ITEM001658,ORD000438,PROD00203,8,47906.01,83.17
ITEM001659,ORD000062,PROD00468,9,22471.11,56.57
ITEM001660,ORD000033,PROD00492,9,52397.55,32.71
ITEM001661,ORD000552,PROD00252,5,34531.45,63.44
ITEM001662,ORD000753,PROD00039,10,5619.4,55.83
ITEM001663,ORD000116,PROD00273,3,47935.6,84.63
ITEM001664,ORD000090,PROD00294,8,36640.89,99.29
ITEM001665,ORD000770,PROD00038,7,49083.57,46.57
ITEM001666,ORD000911,PROD00451,3,39061.58,7.3
ITEM001667,ORD000664,PROD00295,6,27297.42,78.11
ITEM001668,ORD000758,PROD00420,7,53374.88,40.15
ITEM001669,ORD000301,PROD00004,10,49710.54,1.89
ITEM001670,ORD000231,PROD00166,7,9114.65,85.56
ITEM001671,ORD000599,PROD00346,6,31988.62,65.36
ITEM001672,ORD000206,PROD00395,10,55528.86,89.32
ITEM001673,ORD000733,PROD00445,10,9241.03,77.3
ITEM001674,ORD000212,PROD00158,3,6143.7,53.34
ITEM001675,ORD000968,PROD00433,1,46789.85,54.01
ITEM001676,ORD000978,PROD00036,6,52246.31,92.85
ITEM001677,ORD000674,PROD00107,4,18245.48,42.43
ITEM001678,ORD000278,PROD00120,4,46363.49,2.73
ITEM001679,ORD000899,PROD00461,8,7474.29,94.8
ITEM001680,ORD000027,PROD00228,4,22886.95,44.68
ITEM001681,ORD000409,PROD00102,4,46281.93,59.02
ITEM001682,ORD000128,PROD00048,3,30451.53,57.83
ITEM001683,ORD000529,PROD00063,-1,7309.46,48.91
ITEM001684,ORD000620,PROD00184,6,24966.16,21.03
ITEM001685,ORD000093,PROD00410,9,21655.52,25.53
ITEM001686,ORD000115,PROD00484,8,1067.11,38.0
ITEM001687,ORD000431,PROD00205,2,21345.4,94.57
ITEM001688,ORD000857,PROD00034,7,56761.84,65.2
ITEM001689,ORD000235,PROD00360,2,39060.92,81.02
ITEM001690,ORD000897,PROD00242,1,57083.42,27.47
ITEM001691,ORD000663,PROD00460,6,2817.63,84.74
ITEM001692,ORD000182,PROD00290,1,7764.1,15.58
ITEM001693,ORD000712,PROD00241,1,3764.77,80.24
ITEM001694,ORD000888,PROD00379,5,22365.07,41.49
ITEM001695,ORD000162,PROD00215,3,10560.79,51.86
ITEM001696,ORD000156,PROD00380,3,21967.57,92.5
ITEM001697,ORD000806,PROD00084,1,29903.57,30.61
ITEM001698,ORD000641,PROD00192,5,37352.62,2.85
ITEM001699,ORD000027,PROD00170,1,53340.34,3.42
ITEM001700,ORD000893,PROD00074,7,2885.32,37.7
ITEM001701,ORD000613,PROD00370,9,10267.44,10.01
ITEM001702,ORD000358,PROD00460,4,5618.22,98.82
ITEM001703,ORD000116,PROD00496,8,27919.56,41.51
ITEM001704,ORD000920,PROD00275,8,8150.88,60.33
ITEM001705,ORD000653,PROD00001,5,28626.98,89.95
ITEM001706,ORD000264,PROD00066,6,39416.82,36.56
ITEM001707,ORD000629,PROD00343,2,28719.61,74.87
ITEM001708,ORD000873,PROD00293,4,7637.4,51.47
ITEM001709,ORD000825,PROD00483,3,13610.56,8.22
ITEM001710,ORD000098,PROD00368,7,17009.76,61.5
ITEM001711,ORD000256,PROD00116,5,11159.14,65.94
ITEM001712,ORD000337,PROD00364,8,40134.55,51.99
ITEM001713,ORD000592,PROD00453,5,45617.63,13.17
ITEM001714,ORD000433,PROD00192,3,34804.18,93.46
ITEM001715,ORD000036,PROD00383,7,37949.63,79.42
ITEM001716,ORD000187,PROD00008,-3,2143.43,79.48
ITEM001717,ORD000166,PROD00204,6,801.58,48.08
ITEM001718,ORD000879,PROD00177,4,37759.9,81.7
ITEM001719,ORD000592,PROD00208,8,59562.66,45.32
ITEM001720,ORD000270,PROD00280,8,7157.37,27.93
ITEM001721,ORD000787,PROD00264,6,20301.55,89.25
ITEM001722,ORD000262,PROD00175,8,46343.27,45.63
ITEM001723,ORD000099,PROD00343,6,45819.83,26.29
ITEM001724,ORD000801,PROD00188,7,38573.33,96.48
ITEM001725,ORD000130,PROD00049,4,58507.76,83.01
ITEM001726,ORD000124,PROD00282,5,7665.33,34.76
ITEM001727,ORD000464,PROD00224,9,59060.27,8.3
ITEM001728,ORD000888,PROD00498,9,11038.48,82.0
ITEM001729,ORD000907,PROD00262,4,8588.33,68.06
ITEM001730,ORD000795,PROD00009,4,44031.4,35.39
ITEM001731,ORD000616,PROD00400,3,33816.69,53.06
ITEM001732,ORD000049,PROD00410,9,21823.1,23.04
ITEM001733,ORD000970,PROD00272,3,22530.88,10.01
ITEM001734,ORD000170,PROD00326,10,13652.82,93.06
ITEM001735,ORD000734,PROD00078,9,56537.3,60.97
ITEM001736,ORD000879,PROD00104,5,3029.84,96.91
ITEM001737,ORD000411,PROD00152,7,54067.3,97.2
ITEM001738,ORD000916,PROD00244,8,19383.08,72.15
ITEM001739,ORD000308,PROD00001,2,15154.62,55.58
ITEM001740,ORD000320,PROD00107,10,35679.7,6.68
ITEM001741,ORD000774,PROD00211,3,8713.11,82.24
ITEM001742,ORD000783,PROD00498,4,23535.17,15.94
ITEM001743,ORD000430,PROD00201,10,11682.94,83.43
ITEM001744,ORD000073,PROD00116,5,8512.38,40.14
ITEM001745,ORD000744,PROD00379,10,56666.03,15.18
ITEM001746,ORD000455,PROD00073,5,45659.02,1.08
ITEM001747,ORD000121,PROD00267,5,31502.03,77.17
ITEM001748,ORD000613,PROD00242,4,39659.24,29.88
ITEM001749,ORD000128,PROD00278,-2,9305.23,88.02
ITEM001750,ORD000773,PROD00467,6,52526.61,94.95
ITEM001751,ORD000042,PROD00196,5,6858.97,46.65
ITEM001752,ORD000600,PROD00087,8,45531.73,22.46
ITEM001753,ORD000106,PROD00046,10,57588.09,86.51
ITEM001754,ORD000248,PROD00446,8,50218.88,96.32
ITEM001755,ORD000432,PROD00030,2,51923.52,28.02
ITEM001756,ORD000742,PROD00376,5,54293.41,64.03
ITEM001757,ORD000337,PROD00215,5,58986.89,8.31
ITEM001758,ORD000104,PROD00366,8,14640.38,49.5
ITEM001759,ORD000606,PROD00223,5,6327.53,78.09
ITEM001760,ORD000726,PROD00250,9,36437.77,56.56
ITEM001761,ORD000622,PROD00266,7,2621.86,10.78
ITEM001762,ORD000859,PROD00407,2,34579.97,11.75
ITEM001763,ORD000783,PROD00123,6,34849.31,70.93
ITEM001764,ORD000619,PROD00216,7,43125.51,3.99
ITEM001765,ORD000663,PROD00404,8,51148.76,57.33
ITEM001766,ORD000536,PROD00020,7,48808.32,62.81
ITEM001767,ORD000797,PROD00222,1,13040.77,18.07
ITEM001768,ORD000646,PROD00485,6,6018.37,92.07
ITEM001769,ORD000822,PROD00015,8,50980.86,25.35
ITEM001770,ORD000839,PROD00350,6,21207.47,96.56
ITEM001771,ORD000284,PROD00229,1,19538.29,69.91
ITEM001772,ORD000651,PROD00135,3,12641.92,77.08
ITEM001773,ORD000561,PROD00332,6,44468.22,75.33
ITEM001774,ORD000800,PROD00418,3,50698.72,85.66
ITEM001775,ORD000342,PROD00181,10,32340.26,80.52
ITEM001776,ORD000990,PROD00117,6,49738.12,10.13
ITEM001777,ORD000740,PROD00047,7,18844.17,49.72
ITEM001778,ORD000191,PROD00388,7,12208.73,85.6
ITEM001779,ORD000498,PROD00180,6,48373.26,89.58
ITEM001780,ORD000773,PROD00082,3,19433.31,11.15
ITEM001781,ORD000596,PROD00159,9,42043.68,56.05
ITEM001782,ORD000775,PROD00287,-1,23938.48,69.56
ITEM001783,ORD000204,PROD00048,2,42728.77,91.47
ITEM001784,ORD000680,PROD00208,5,8831.35,34.02
ITEM001785,ORD000363,PROD00204,3,55283.37,10.36
ITEM001786,ORD000980,PROD00377,5,36843.86,97.07
ITEM001787,ORD000332,PROD00116,8,49585.43,24.59
ITEM001788,ORD000159,PROD00342,5,1678.92,22.45
ITEM001789,ORD000712,PROD00113,4,52520.64,44.04
ITEM001790,ORD000832,PROD00111,3,843.86,24.37
ITEM001791,ORD000022,PROD00440,10,29048.07,43.89
ITEM001792,ORD000570,PROD00283,10,11615.12,18.61
ITEM001793,ORD000532,PROD00298,7,37672.58,88.86
ITEM001794,ORD000397,PROD00383,5,42434.08,98.19
ITEM001795,ORD000823,PROD00411,5,25935.75,36.45
ITEM001796,ORD000948,PROD00480,4,19277.27,35.71
ITEM001797,ORD000982,PROD00355,3,19367.59,82.74
ITEM001798,ORD000720,PROD00127,9,34779.61,9.66
ITEM001799,ORD000940,PROD00402,9,42530.4,53.54
ITEM001800,ORD000108,PROD00414,10,13746.68,34.83
ITEM001801,ORD000719,PROD00331,9,49282.54,22.4
ITEM001802,ORD000276,PROD00295,1,27668.31,43.79
ITEM001803,ORD000606,PROD00224,2,57194.52,17.13
ITEM001804,ORD000574,PROD00230,9,39051.63,89.58
ITEM001805,ORD000489,PROD00445,3,3920.23,35.44
ITEM001806,ORD000978,PROD00369,5,34228.24,94.74
ITEM001807,ORD000746,PROD00015,10,29499.51,70.42
ITEM001808,ORD000966,PROD00069,7,12990.73,45.21
ITEM001809,ORD000552,PROD00357,5,19898.94,56.99
ITEM001810,ORD000897,PROD00261,7,8739.56,53.96
ITEM001811,ORD000698,PROD00301,6,51777.77,97.09
ITEM001812,ORD000055,PROD00365,6,35288.12,77.46
ITEM001813,ORD000073,PROD00315,2,31833.34,73.04
ITEM001814,ORD000751,PROD00100,4,58788.94,77.37
ITEM001815,ORD000184,PROD00428,-1,38999.48,49.5
ITEM001816,ORD000123,PROD00170,2,5740.27,40.36
ITEM001817,ORD000718,PROD00486,7,48314.35,38.13
ITEM001818,ORD000486,PROD00071,6,11061.08,31.12
ITEM001819,ORD000182,PROD00363,7,52755.97,49.97
ITEM001820,ORD000189,PROD00134,7,12116.38,35.12
ITEM001821,ORD000663,PROD00325,2,20449.24,75.18
ITEM001822,ORD000537,PROD00132,1,52770.15,6.09
ITEM001823,ORD000571,PROD00031,6,5819.87,0.17
ITEM001824,ORD000542,PROD00007,1,19678.89,30.63
ITEM001825,ORD000820,PROD00464,10,33845.55,85.94
ITEM001826,ORD000979,PROD00089,4,38225.26,49.82
ITEM001827,ORD000549,PROD00112,6,5908.25,68.32
ITEM001828,ORD000159,PROD00308,6,34481.7,89.14
ITEM001829,ORD000724,PROD00434,3,30488.99,81.44
ITEM001830,ORD000456,PROD00016,10,2422.58,53.76
ITEM001831,ORD000982,PROD00407,2,48451.57,31.17
ITEM001832,ORD000299,PROD00056,6,41013.62,59.01
ITEM001833,ORD000172,PROD00461,2,29909.3,60.35
ITEM001834,ORD000628,PROD00472,6,56275.31,92.86
ITEM001835,ORD000562,PROD00426,7,47065.35,94.4
ITEM001836,ORD000685,PROD00284,2,20366.8,36.57
ITEM001837,ORD000246,PROD00492,8,11381.58,40.43
ITEM001838,ORD000367,PROD00031,8,48673.35,90.97
ITEM001839,ORD000725,PROD00387,10,6016.94,51.98
ITEM001840,ORD000680,PROD00336,6,54720.83,56.3
ITEM001841,ORD000720,PROD00273,9,23711.68,54.64
ITEM001842,ORD000206,PROD00145,6,8214.99,76.35
ITEM001843,ORD000300,PROD00484,7,24313.86,37.71
ITEM001844,ORD000503,PROD00013,8,6348.68,56.13
ITEM001845,ORD000625,PROD00200,5,29907.11,78.64
ITEM001846,ORD000295,PROD00395,1,31700.25,4.16
ITEM001847,ORD000970,PROD00046,5,53536.34,74.79
ITEM001848,ORD000585,PROD00278,-3,18887.85,4.8
ITEM001849,ORD000029,PROD00025,5,23155.59,35.18
ITEM001850,ORD000551,PROD00027,7,44338.55,52.4
ITEM001851,ORD000183,PROD00261,6,40899.89,4.47
ITEM001852,ORD000220,PROD00051,8,57002.86,89.24
ITEM001853,ORD000730,PROD00164,2,42870.67,49.53
ITEM001854,ORD000585,PROD00328,10,1034.0,92.21
ITEM001855,ORD000211,PROD00461,2,55466.3,0.47
ITEM001856,ORD000247,PROD00338,6,59065.68,98.71
ITEM001857,ORD000847,PROD00117,6,55063.26,40.2
ITEM001858,ORD000160,PROD00073,10,14845.77,66.85
ITEM001859,ORD000904,PROD00473,7,40855.7,71.02
ITEM001860,ORD000924,PROD00321,5,12372.09,87.87
ITEM001861,ORD000755,PROD00468,5,24611.28,1.02
ITEM001862,ORD000844,PROD00212,7,16757.39,90.11
ITEM001863,ORD000837,PROD00399,8,15280.19,1.04
ITEM001864,ORD000710,PROD00203,1,41790.51,44.91
ITEM001865,ORD000679,PROD00354,4,4324.41,11.44
ITEM001866,ORD000163,PROD00462,8,4083.37,53.69
ITEM001867,ORD000172,PROD00484,5,57323.5,71.5
ITEM001868,ORD000712,PROD00204,5,32221.98,28.47
ITEM001869,ORD000584,PROD00134,2,45683.26,39.49
ITEM001870,ORD000907,PROD00453,4,57017.52,55.47
ITEM001871,ORD000510,PROD00103,3,31141.71,3.57
ITEM001872,ORD000491,PROD00056,2,13795.84,83.31
ITEM001873,ORD000189,PROD00043,2,14580.94,61.53
ITEM001874,ORD000449,PROD00379,3,26577.23,76.91
ITEM001875,ORD000679,PROD00479,9,46030.73,18.9
ITEM001876,ORD000216,PROD00372,6,2721.1,1.42
ITEM001877,ORD000157,PROD00175,5,55318.2,35.01
ITEM001878,ORD000206,PROD00462,1,23539.58,15.31
ITEM001879,ORD000299,PROD00259,2,13591.61,62.72
ITEM001880,ORD000344,PROD00337,8,1616.05,44.05
ITEM001881,ORD000864,PROD00126,-3,17339.61,16.11
ITEM001882,ORD000561,PROD00494,6,3497.12,68.48
ITEM001883,ORD000420,PROD00266,9,1145.96,72.05
ITEM001884,ORD000742,PROD00478,6,22285.29,14.35
ITEM001885,ORD000107,PROD00351,4,453.51,0.34
ITEM001886,ORD000060,PROD00417,7,46144.86,11.96
ITEM001887,ORD000230,PROD00391,1,33861.96,7.39
ITEM001888,ORD000665,PROD00422,8,56238.94,64.48
ITEM001889,ORD000290,PROD00352,10,23267.35,91.02
ITEM001890,ORD000244,PROD00350,8,36795.25,34.51
ITEM001891,ORD000652,PROD00233,8,55173.65,15.31
ITEM001892,ORD000550,PROD00451,6,13508.01,28.69
ITEM001893,ORD000749,PROD00090,7,59948.51,88.19
ITEM001894,ORD000377,PROD00379,1,25961.02,29.99
ITEM001895,ORD000044,PROD00236,7,42670.08,54.15
ITEM001896,ORD000233,PROD00206,3,50424.11,35.29
ITEM001897,ORD000965,PROD00208,7,53028.95,46.06
ITEM001898,ORD000464,PROD00228,7,27864.68,33.78
ITEM001899,ORD000682,PROD00205,3,43426.13,20.59
ITEM001900,ORD000223,PROD00365,4,34146.36,94.8
ITEM001901,ORD000747,PROD00338,10,21868.55,46.34
ITEM001902,ORD000884,PROD00392,7,22551.52,30.69
ITEM001903,ORD000403,PROD00073,8,6608.15,65.22
ITEM001904,ORD000308,PROD00464,10,24785.86,19.94
ITEM001905,ORD000346,PROD00283,3,39613.12,93.71
ITEM001906,ORD000443,PROD00093,8,1527.74,20.65
ITEM001907,ORD000582,PROD00342,3,16471.87,74.6
ITEM001908,ORD000577,PROD00394,3,38510.16,57.51
ITEM001909,ORD000821,PROD00102,3,24736.25,46.86
ITEM001910,ORD000889,PROD00379,3,45780.95,48.67
ITEM001911,ORD000626,PROD00478,10,31882.23,62.81
ITEM001912,ORD000037,PROD00347,2,47239.04,8.58
ITEM001913,ORD000009,PROD00472,1,19957.37,8.99
ITEM001914,ORD000954,PROD00462,-1,44640.7,95.8
ITEM001915,ORD000315,PROD00431,2,21840.11,90.92
ITEM001916,ORD000598,PROD00464,8,28557.73,70.36
ITEM001917,ORD000297,PROD00156,2,48159.92,15.98
ITEM001918,ORD000902,PROD00078,3,24969.63,53.23
ITEM001919,ORD000634,PROD00210,3,33743.68,62.87
ITEM001920,ORD000717,PROD00144,4,58569.87,66.39
ITEM001921,ORD000151,PROD00466,8,5914.43,3.94
ITEM001922,ORD000902,PROD00196,8,22824.25,17.05
ITEM001923,ORD000021,PROD00301,6,55863.44,58.49
ITEM001924,ORD000187,PROD00230,1,58220.77,94.66
ITEM001925,ORD000581,PROD00177,6,59270.14,88.65
ITEM001926,ORD000071,PROD00091,3,37479.46,67.74
ITEM001927,ORD000939,PROD00077,2,59574.52,79.1
ITEM001928,ORD000685,PROD00101,6,17611.73,79.28
ITEM001929,ORD000806,PROD00043,6,36208.47,79.93
ITEM001930,ORD000017,PROD00319,10,25122.55,16.91
ITEM001931,ORD000872,PROD00130,4,30854.03,98.2
ITEM001932,ORD000926,PROD00469,1,29427.58,90.58
ITEM001933,ORD000054,PROD00333,4,42060.84,26.31
ITEM001934,ORD000444,PROD00173,1,16442.91,99.51
ITEM001935,ORD000673,PROD00235,2,20041.84,3.14
ITEM001936,ORD000893,PROD00475,10,739.6,57.37
ITEM001937,ORD000310,PROD00195,4,54281.64,38.0
ITEM001938,ORD000037,PROD00356,5,41841.68,33.56
ITEM001939,ORD000823,PROD00263,7,24490.98,34.21
ITEM001940,ORD000966,PROD00178,5,33187.72,48.88
ITEM001941,ORD000274,PROD00043,8,55134.69,8.48
ITEM001942,ORD000683,PROD00468,6,51702.6,89.58
ITEM001943,ORD000024,PROD00416,3,48392.98,10.7
ITEM001944,ORD000077,PROD00091,6,3991.05,57.19
ITEM001945,ORD000243,PROD00399,2,51835.05,0.96
ITEM001946,ORD000014,PROD00378,6,52222.56,61.75
ITEM001947,ORD000160,PROD00299,-3,52416.75,78.61
ITEM001948,ORD000109,PROD00314,2,3464.37,13.87
ITEM001949,ORD000941,PROD00382,2,11215.93,71.83
ITEM001950,ORD000094,PROD00002,7,47516.4,23.31
ITEM001951,ORD000052,PROD00368,2,23275.37,62.55
ITEM001952,ORD000198,PROD00244,4,42523.43,49.53
ITEM001953,ORD000724,PROD00096,8,17355.0,67.62
ITEM001954,ORD000886,PROD00441,1,26606.73,50.76
ITEM001955,ORD000082,PROD00091,4,15869.37,87.82
ITEM001956,ORD000590,PROD00499,4,42028.02,70.29
ITEM001957,ORD000078,PROD00097,3,50932.12,75.63
ITEM001958,ORD000234,PROD00084,7,38154.29,59.23
ITEM001959,ORD000616,PROD00212,9,38471.64,21.83
ITEM001960,ORD000257,PROD00423,6,44153.04,53.06
ITEM001961,ORD000671,PROD00456,5,16958.8,16.13
ITEM001962,ORD000064,PROD00033,8,20718.97,73.29
ITEM001963,ORD000635,PROD00387,7,4889.1,76.44
ITEM001964,ORD000734,PROD00229,1,58632.34,67.45
ITEM001965,ORD000327,PROD00302,6,41914.75,60.55
ITEM001966,ORD000983,PROD00034,10,15819.99,83.97
ITEM001967,ORD000462,PROD00184,8,22289.56,30.02
ITEM001968,ORD000501,PROD00161,9,59945.94,19.03
ITEM001969,ORD000602,PROD00088,1,41482.79,40.97
ITEM001970,ORD000902,PROD00237,6,55414.42,84.65
ITEM001971,ORD000996,PROD00207,8,52134.07,46.44
ITEM001972,ORD000157,PROD00073,7,25233.87,2.45
ITEM001973,ORD000143,PROD00404,6,22949.3,87.03
ITEM001974,ORD000153,PROD00205,6,935.61,79.14
ITEM001975,ORD000678,PROD00464,3,9147.22,94.6
ITEM001976,ORD000223,PROD00049,1,23538.37,14.99
ITEM001977,ORD000346,PROD00102,1,29889.61,15.83
ITEM001978,ORD000850,PROD00490,9,16732.41,18.99
ITEM001979,ORD000622,PROD00371,8,26028.09,94.73
ITEM001980,ORD000164,PROD00250,-2,57690.22,6.69
ITEM001981,ORD000332,PROD00362,8,36508.28,14.15
ITEM001982,ORD000532,PROD00483,8,48236.96,41.63
ITEM001983,ORD000014,PROD00490,5,37927.37,33.86
ITEM001984,ORD000319,PROD00351,10,25796.95,12.18
ITEM001985,ORD000133,PROD00272,5,20531.72,37.34
ITEM001986,ORD000706,PROD00443,3,22237.1,97.04
ITEM001987,ORD000065,PROD00010,8,22263.51,24.61
ITEM001988,ORD000968,PROD00168,4,54617.75,90.26
ITEM001989,ORD000650,PROD00469,8,47229.69,55.5
ITEM001990,ORD000592,PROD00407,6,41929.94,90.19
ITEM001991,ORD000989,PROD00165,10,58271.03,22.89
ITEM001992,ORD000608,PROD00313,4,48817.98,24.91
ITEM001993,ORD000577,PROD00241,1,18876.26,88.07
ITEM001994,ORD000394,PROD00385,3,37454.06,8.13
ITEM001995,ORD000503,PROD00237,10,54035.79,94.71
ITEM001996,ORD000746,PROD00137,2,27024.15,77.74
ITEM001997,ORD000811,PROD00395,5,42743.27,36.38
ITEM001998,ORD000797,PROD00031,8,14870.48,63.31
ITEM001999,ORD000336,PROD00183,10,29004.93,14.61
ITEM002000,ORD000280,PROD00490,6,29133.39,31.42
