order_id,customer_id,order_date,status,region_code
ORD000001,CUST00261,2024-07-12 00:00:00,CANCELLED,EAST
ORD000002,CUST00331,2024-02-25 00:00:00,SHIPPED,WEST
ORD000003,CUST00198,2024-04-25 00:00:00,SHIPPED,WEST
ORD000004,CUST00327,2025-08-31 00:00:00,PLACED,CENTRAL
ORD000005,CUST00456,2024-01-13 00:00:00,DELIVERED,EAST
ORD000006,CUST00068,2025-01-31 00:00:00,RETURNED,WEST
ORD000007,CUST00188,2025-07-13 00:00:00,SHIPPED,WEST
ORD000008,CUST00489,2026-02-27 00:00:00,PLACED,NORTH
ORD000009,CUST00301,2024-03-10 00:00:00,PLACED,EAST
ORD000010,CUST00111,2024-02-10 00:00:00,PLACED,WEST
ORD000011,CUST00260,2024-10-20 00:00:00,RETURNED,WEST
ORD000012,CUST00217,2025-12-19 00:00:00,CANCELLED,NORTH
ORD000013,CUST00328,2025-07-03 00:00:00,RETURNED,CENTRAL
ORD000014,CUST00079,2024-10-11 00:00:00,PLACED,EAST
ORD000015,CUST00041,2025-06-07 00:00:00,SHIPPED,SOUTH
ORD000016,CUST00275,2024-11-30 00:00:00,CANCELLED,CENTRAL
ORD000017,CUST00325,2026-02-20 00:00:00,PLACED,EAST
ORD000018,CUST00358,2025-03-23 00:00:00,SHIPPED,NORTH
ORD000019,CUST00126,2024-03-29 00:00:00,CANCELLED,NORTH
ORD000020,,2025-04-09 00:00:00,RETURNED,CENTRAL
ORD000021,CUST00029,2024-11-12 00:00:00,SHIPPED,NORTH
ORD000022,CUST00007,2025-12-25 00:00:00,SHIPPED,NORTH
ORD000023,CUST00084,2025-05-23 00:00:00,DELIVERED,CENTRAL
ORD000024,CUST00265,2026-03-12 00:00:00,DELIVERED,SOUTH
ORD000025,CUST00191,09-05-2024,DELIVERED,NORTH
ORD000026,CUST00395,2026-07-10 00:00:00,PLACED,EAST
ORD000027,CUST00414,2025-03-15 00:00:00,DELIVERED,CENTRAL
ORD000028,CUST00033,2024-09-26 00:00:00,RETURNED,NORTH
ORD000029,CUST00255,2025-04-11 00:00:00,RETURNED,EAST
ORD000030,CUST00029,2025-05-26 00:00:00,RETURNED,SOUTH
ORD000031,CUST00189,2024-06-10 00:00:00,DELIVERED,NORTH
ORD000032,CUST00458,2025-08-10 00:00:00,PLACED,SOUTH
ORD000033,CUST00380,2025-06-05 00:00:00,PLACED,NORTH
ORD000034,CUST00440,2026-06-02 00:00:00,PLACED,SOUTH
ORD000035,CUST00024,2025-04-28 00:00:00,DELIVERED,WEST
ORD000036,CUST00472,2024-06-02 00:00:00,SHIPPED,NORTH
ORD000037,CUST00284,2026-04-02 00:00:00,CANCELLED,SOUTH
ORD000038,CUST00165,2024-09-11 00:00:00,CANCELLED,EAST
ORD000039,CUST00139,2026-04-25 00:00:00,PLACED,CENTRAL
ORD000040,,2025-01-16 00:00:00,PLACED,CENTRAL
ORD000041,CUST00345,2026-07-12 00:00:00,PLACED,SOUTH
ORD000042,CUST00115,2026-04-03 00:00:00,RETURNED,NORTH
ORD000043,CUST00489,2025-02-14 00:00:00,PLACED,WEST
ORD000044,CUST00444,2024-10-16 00:00:00,DELIVERED,EAST
ORD000045,CUST00045,2025-07-20 00:00:00,CANCELLED,NORTH
ORD000046,CUST00189,2024-07-24 00:00:00,DELIVERED,CENTRAL
ORD000047,CUST00402,2024-11-07 00:00:00,RETURNED,SOUTH
ORD000048,CUST00238,2025-01-12 00:00:00,RETURNED,WEST
ORD000049,CUST00396,2026-03-05 00:00:00,SHIPPED,CENTRAL
ORD000050,CUST00390,26-03-2026,SHIPPED,SOUTH
ORD000051,CUST00004,2025-02-23 00:00:00,PLACED,SOUTH
ORD000052,CUST00278,2024-12-20 00:00:00,PLACED,EAST
ORD000053,CUST00001,2026-02-16 00:00:00,CANCELLED,EAST
ORD000054,CUST00054,2024-07-29 00:00:00,RETURNED,SOUTH
ORD000055,CUST00215,2025-05-18 00:00:00,PLACED,SOUTH
ORD000056,CUST00365,2024-10-13 00:00:00,PLACED,NORTH
ORD000057,CUST00472,2024-08-25 00:00:00,RETURNED,WEST
ORD000058,CUST00359,2026-07-06 00:00:00,DELIVERED,WEST
ORD000059,CUST00499,2026-02-04 00:00:00,PLACED,CENTRAL
ORD000060,,2024-04-07 00:00:00,RETURNED,SOUTH
ORD000061,CUST00327,2026-04-19 00:00:00,CANCELLED,NORTH
ORD000062,CUST00304,2025-08-04 00:00:00,PLACED,WEST
ORD000063,CUST00340,2024-05-13 00:00:00,SHIPPED,EAST
ORD000064,CUST00134,2026-05-21 00:00:00,DELIVERED,WEST
ORD000065,CUST00359,2026-05-01 00:00:00,DELIVERED,EAST
ORD000066,CUST00232,2024-10-05 00:00:00,SHIPPED,NORTH
ORD000067,CUST00484,2024-07-26 00:00:00,SHIPPED,CENTRAL
ORD000068,CUST00056,2024-06-08 00:00:00,PLACED,SOUTH
ORD000069,CUST00231,2025-04-22 00:00:00,DELIVERED,WEST
ORD000070,CUST00062,2025-07-02 00:00:00,DELIVERED,SOUTH
ORD000071,CUST00232,2024-11-11 00:00:00,CANCELLED,EAST
ORD000072,CUST00437,2024-05-02 00:00:00,PLACED,SOUTH
ORD000073,CUST00414,2025-12-03 00:00:00,DELIVERED,CENTRAL
ORD000074,CUST00021,2024-08-08 00:00:00,DELIVERED,SOUTH
ORD000075,CUST00047,29-12-2025,SHIPPED,EAST
ORD000076,CUST00203,2025-06-09 00:00:00,PLACED,EAST
ORD000077,CUST00134,2026-04-19 00:00:00,SHIPPED,NORTH
ORD000078,CUST00488,2025-02-18 00:00:00,CANCELLED,CENTRAL
ORD000079,CUST00384,2025-07-17 00:00:00,SHIPPED,NORTH
ORD000080,,2025-04-18 00:00:00,PLACED,SOUTH
ORD000081,CUST00063,2024-01-13 00:00:00,PLACED,SOUTH
ORD000082,CUST00067,2024-07-21 00:00:00,CANCELLED,EAST
ORD000083,CUST00352,2025-10-07 00:00:00,PLACED,CENTRAL
ORD000084,CUST00301,2024-09-22 00:00:00,PLACED,NORTH
ORD000085,CUST00034,2024-07-21 00:00:00,CANCELLED,SOUTH
ORD000086,CUST00048,2026-07-15 00:00:00,DELIVERED,NORTH
ORD000087,CUST00022,2025-04-17 00:00:00,PLACED,SOUTH
ORD000088,CUST00474,2025-08-10 00:00:00,CANCELLED,WEST
ORD000089,CUST00255,2024-01-31 00:00:00,CANCELLED,WEST
ORD000090,CUST00089,2024-12-28 00:00:00,SHIPPED,SOUTH
ORD000091,CUST00141,2024-10-13 00:00:00,CANCELLED,SOUTH
ORD000092,CUST00018,2025-09-20 00:00:00,RETURNED,CENTRAL
ORD000093,CUST00126,2025-10-24 00:00:00,DELIVERED,WEST
ORD000094,CUST00211,2026-06-22 00:00:00,RETURNED,WEST
ORD000095,CUST00032,2024-03-30 00:00:00,DELIVERED,WEST
ORD000096,CUST00071,2025-03-05 00:00:00,SHIPPED,CENTRAL
ORD000097,CUST00128,2025-10-07 00:00:00,RETURNED,NORTH
ORD000098,CUST00196,2026-03-11 00:00:00,DELIVERED,WEST
ORD000099,CUST00279,2026-03-11 00:00:00,CANCELLED,EAST
ORD000100,,23-07-2026,RETURNED,CENTRAL
ORD000101,CUST00165,2025-02-01 00:00:00,DELIVERED,SOUTH
ORD000102,CUST00014,2024-11-22 00:00:00,RETURNED,SOUTH
ORD000103,CUST00016,2026-07-06 00:00:00,DELIVERED,NORTH
ORD000104,CUST00415,2025-04-28 00:00:00,RETURNED,EAST
ORD000105,CUST00393,2025-08-21 00:00:00,SHIPPED,SOUTH
ORD000106,CUST00052,2024-09-10 00:00:00,SHIPPED,EAST
ORD000107,CUST00274,2026-04-15 00:00:00,PLACED,SOUTH
ORD000108,CUST00295,2026-05-16 00:00:00,CANCELLED,EAST
ORD000109,CUST00479,2026-05-09 00:00:00,SHIPPED,SOUTH
ORD000110,CUST00122,2025-08-29 00:00:00,DELIVERED,EAST
ORD000111,CUST00468,2025-08-28 00:00:00,PLACED,EAST
ORD000112,CUST00486,2025-08-04 00:00:00,RETURNED,SOUTH
ORD000113,CUST00289,2024-07-11 00:00:00,CANCELLED,CENTRAL
ORD000114,CUST00159,2024-06-28 00:00:00,CANCELLED,NORTH
ORD000115,CUST00047,2024-02-27 00:00:00,SHIPPED,CENTRAL
ORD000116,CUST00113,2024-01-21 00:00:00,RETURNED,WEST
ORD000117,CUST00001,2024-12-05 00:00:00,RETURNED,SOUTH
ORD000118,CUST00413,2024-05-13 00:00:00,DELIVERED,SOUTH
ORD000119,CUST00471,2026-04-01 00:00:00,DELIVERED,NORTH
ORD000120,,2024-01-23 00:00:00,SHIPPED,CENTRAL
ORD000121,CUST00361,2026-07-28 00:00:00,SHIPPED,NORTH
ORD000122,CUST00434,2025-06-22 00:00:00,DELIVERED,NORTH
ORD000123,CUST00192,2025-12-22 00:00:00,CANCELLED,CENTRAL
ORD000124,CUST00052,2024-12-10 00:00:00,DELIVERED,EAST
ORD000125,CUST00070,10-06-2024,CANCELLED,WEST
ORD000126,CUST00333,2024-11-20 00:00:00,SHIPPED,CENTRAL
ORD000127,CUST00356,2026-06-29 00:00:00,RETURNED,EAST
ORD000128,CUST00115,2025-11-12 00:00:00,RETURNED,SOUTH
ORD000129,CUST00194,2024-11-10 00:00:00,DELIVERED,SOUTH
ORD000130,CUST00091,2026-01-16 00:00:00,PLACED,CENTRAL
ORD000131,CUST00201,2026-05-21 00:00:00,RETURNED,NORTH
ORD000132,CUST00094,2025-09-08 00:00:00,DELIVERED,CENTRAL
ORD000133,CUST00114,2025-10-16 00:00:00,RETURNED,NORTH
ORD000134,CUST00480,2025-05-23 00:00:00,SHIPPED,EAST
ORD000135,CUST00382,2024-03-20 00:00:00,SHIPPED,EAST
ORD000136,CUST00164,2024-06-20 00:00:00,PLACED,EAST
ORD000137,CUST00229,2024-01-12 00:00:00,DELIVERED,SOUTH
ORD000138,CUST00128,2025-12-10 00:00:00,PLACED,EAST
ORD000139,CUST00132,2026-03-16 00:00:00,PLACED,NORTH
ORD000140,,2024-02-19 00:00:00,CANCELLED,WEST
ORD000141,CUST00376,2025-03-05 00:00:00,SHIPPED,WEST
ORD000142,CUST00253,2026-06-21 00:00:00,CANCELLED,EAST
ORD000143,CUST00280,2025-01-19 00:00:00,PLACED,WEST
ORD000144,CUST00404,2026-06-03 00:00:00,RETURNED,SOUTH
ORD000145,CUST00084,2025-04-07 00:00:00,PLACED,NORTH
ORD000146,CUST00151,2024-01-21 00:00:00,DELIVERED,EAST
ORD000147,CUST00488,2024-04-17 00:00:00,PLACED,EAST
ORD000148,CUST00088,2026-06-28 00:00:00,CANCELLED,SOUTH
ORD000149,CUST00375,2024-03-17 00:00:00,RETURNED,NORTH
ORD000150,CUST00174,31-08-2025,RETURNED,WEST
ORD000151,CUST00361,2024-02-01 00:00:00,CANCELLED,SOUTH
ORD000152,CUST00311,2026-06-30 00:00:00,CANCELLED,SOUTH
ORD000153,CUST00028,2024-04-13 00:00:00,DELIVERED,SOUTH
ORD000154,CUST00499,2024-07-13 00:00:00,CANCELLED,CENTRAL
ORD000155,CUST00370,2026-01-17 00:00:00,RETURNED,EAST
ORD000156,CUST00339,2024-10-15 00:00:00,DELIVERED,SOUTH
ORD000157,CUST00050,2024-02-20 00:00:00,CANCELLED,CENTRAL
ORD000158,CUST00282,2026-05-10 00:00:00,CANCELLED,SOUTH
ORD000159,CUST00028,2025-01-04 00:00:00,PLACED,WEST
ORD000160,,2024-03-30 00:00:00,DELIVERED,CENTRAL
ORD000161,CUST00246,2024-07-23 00:00:00,PLACED,NORTH
ORD000162,CUST00106,2024-06-23 00:00:00,DELIVERED,NORTH
ORD000163,CUST00243,2026-05-14 00:00:00,PLACED,EAST
ORD000164,CUST00402,2025-02-11 00:00:00,CANCELLED,WEST
ORD000165,CUST00459,2025-11-07 00:00:00,DELIVERED,NORTH
ORD000166,CUST00329,2025-07-11 00:00:00,CANCELLED,SOUTH
ORD000167,CUST00190,2026-06-25 00:00:00,CANCELLED,EAST
ORD000168,CUST00096,2025-04-01 00:00:00,PLACED,EAST
ORD000169,CUST00226,2025-04-21 00:00:00,DELIVERED,SOUTH
ORD000170,CUST00429,2024-10-02 00:00:00,RETURNED,NORTH
ORD000171,CUST00078,2026-02-09 00:00:00,PLACED,NORTH
ORD000172,CUST00343,2024-12-18 00:00:00,RETURNED,WEST
ORD000173,CUST00498,2026-02-13 00:00:00,RETURNED,SOUTH
ORD000174,CUST00284,2024-03-03 00:00:00,CANCELLED,CENTRAL
ORD000175,CUST00215,02-07-2025,CANCELLED,CENTRAL
ORD000176,CUST00452,2024-08-29 00:00:00,CANCELLED,EAST
ORD000177,CUST00041,2025-02-08 00:00:00,PLACED,CENTRAL
ORD000178,CUST00293,2026-07-11 00:00:00,RETURNED,CENTRAL
ORD000179,CUST00347,2025-09-27 00:00:00,SHIPPED,NORTH
ORD000180,,2026-02-14 00:00:00,CANCELLED,SOUTH
ORD000181,CUST00486,2024-06-20 00:00:00,SHIPPED,SOUTH
ORD000182,CUST00065,2024-02-13 00:00:00,CANCELLED,NORTH
ORD000183,CUST00350,2025-03-21 00:00:00,SHIPPED,SOUTH
ORD000184,CUST00428,2025-09-01 00:00:00,DELIVERED,EAST
ORD000185,CUST00467,2026-01-14 00:00:00,PLACED,NORTH
ORD000186,CUST00199,2025-07-23 00:00:00,CANCELLED,CENTRAL
ORD000187,CUST00167,2026-05-27 00:00:00,DELIVERED,CENTRAL
ORD000188,CUST00235,2026-07-28 00:00:00,PLACED,CENTRAL
ORD000189,CUST00301,2025-06-19 00:00:00,CANCELLED,NORTH
ORD000190,CUST00213,2024-06-02 00:00:00,SHIPPED,CENTRAL
ORD000191,CUST00302,2025-08-19 00:00:00,PLACED,NORTH
ORD000192,CUST00289,2026-03-09 00:00:00,PLACED,EAST
ORD000193,CUST00445,2025-07-02 00:00:00,DELIVERED,WEST
ORD000194,CUST00136,2025-01-27 00:00:00,CANCELLED,CENTRAL
ORD000195,CUST00312,2025-04-29 00:00:00,PLACED,SOUTH
ORD000196,CUST00142,2025-02-16 00:00:00,SHIPPED,CENTRAL
ORD000197,CUST00312,2025-11-28 00:00:00,CANCELLED,NORTH
ORD000198,CUST00203,2026-06-29 00:00:00,DELIVERED,SOUTH
ORD000199,CUST00026,2026-02-02 00:00:00,CANCELLED,EAST
ORD000200,,07-07-2026,DELIVERED,NORTH
ORD000201,CUST00173,2026-04-17 00:00:00,DELIVERED,EAST
ORD000202,CUST00144,2026-05-13 00:00:00,CANCELLED,NORTH
ORD000203,CUST00498,2026-06-08 00:00:00,SHIPPED,SOUTH
ORD000204,CUST00154,2026-01-31 00:00:00,CANCELLED,EAST
ORD000205,CUST00138,2026-01-16 00:00:00,CANCELLED,CENTRAL
ORD000206,CUST00331,2024-04-01 00:00:00,SHIPPED,WEST
ORD000207,CUST00109,2026-07-24 00:00:00,CANCELLED,WEST
ORD000208,CUST00389,2025-06-12 00:00:00,DELIVERED,NORTH
ORD000209,CUST00264,2026-03-21 00:00:00,SHIPPED,NORTH
ORD000210,CUST00160,2025-12-27 00:00:00,RETURNED,WEST
ORD000211,CUST00070,2026-03-10 00:00:00,RETURNED,CENTRAL
ORD000212,CUST00015,2024-06-26 00:00:00,SHIPPED,SOUTH
ORD000213,CUST00429,2024-02-29 00:00:00,SHIPPED,NORTH
ORD000214,CUST00234,2024-02-21 00:00:00,DELIVERED,SOUTH
ORD000215,CUST00141,2025-01-12 00:00:00,CANCELLED,CENTRAL
ORD000216,CUST00204,2025-10-12 00:00:00,PLACED,NORTH
ORD000217,CUST00124,2025-01-16 00:00:00,CANCELLED,CENTRAL
ORD000218,CUST00229,2024-06-30 00:00:00,CANCELLED,CENTRAL
ORD000219,CUST00283,2024-12-24 00:00:00,DELIVERED,SOUTH
ORD000220,,2026-05-07 00:00:00,DELIVERED,NORTH
ORD000221,CUST00146,2024-01-29 00:00:00,CANCELLED,NORTH
ORD000222,CUST00084,2026-05-24 00:00:00,RETURNED,SOUTH
ORD000223,CUST00439,2024-08-14 00:00:00,SHIPPED,SOUTH
ORD000224,CUST00138,2025-10-29 00:00:00,CANCELLED,CENTRAL
ORD000225,CUST00011,04-06-2026,PLACED,WEST
ORD000226,CUST00467,2024-05-15 00:00:00,SHIPPED,CENTRAL
ORD000227,CUST00411,2024-01-09 00:00:00,SHIPPED,EAST
ORD000228,CUST00312,2026-04-04 00:00:00,DELIVERED,EAST
ORD000229,CUST00217,2026-07-05 00:00:00,CANCELLED,EAST
ORD000230,CUST00236,2024-09-15 00:00:00,SHIPPED,WEST
ORD000231,CUST00155,2025-11-24 00:00:00,RETURNED,CENTRAL
ORD000232,CUST00204,2025-08-21 00:00:00,PLACED,NORTH
ORD000233,CUST00262,2025-11-09 00:00:00,DELIVERED,CENTRAL
ORD000234,CUST00332,2025-08-31 00:00:00,RETURNED,EAST
ORD000235,CUST00153,2025-12-01 00:00:00,PLACED,WEST
ORD000236,CUST00033,2024-12-10 00:00:00,DELIVERED,EAST
ORD000237,CUST00442,2024-10-10 00:00:00,DELIVERED,EAST
ORD000238,CUST00097,2024-06-02 00:00:00,RETURNED,SOUTH
ORD000239,CUST00461,2024-02-28 00:00:00,RETURNED,WEST
ORD000240,,2025-11-07 00:00:00,DELIVERED,SOUTH
ORD000241,CUST00370,2024-01-27 00:00:00,CANCELLED,EAST
ORD000242,CUST00133,2026-07-17 00:00:00,CANCELLED,WEST
ORD000243,CUST00199,2026-01-24 00:00:00,PLACED,CENTRAL
ORD000244,CUST00363,2025-08-08 00:00:00,SHIPPED,EAST
ORD000245,CUST00372,2025-12-31 00:00:00,SHIPPED,CENTRAL
ORD000246,CUST00327,2026-03-14 00:00:00,CANCELLED,EAST
ORD000247,CUST00260,2024-11-03 00:00:00,SHIPPED,CENTRAL
ORD000248,CUST00093,2024-10-27 00:00:00,PLACED,WEST
ORD000249,CUST00066,2026-01-28 00:00:00,DELIVERED,CENTRAL
ORD000250,CUST00391,23-07-2026,SHIPPED,EAST
ORD000251,CUST00336,2024-04-01 00:00:00,SHIPPED,EAST
ORD000252,CUST00115,2026-02-01 00:00:00,DELIVERED,WEST
ORD000253,CUST00404,2026-06-27 00:00:00,DELIVERED,EAST
ORD000254,CUST00134,2025-08-22 00:00:00,DELIVERED,WEST
ORD000255,CUST00436,2024-04-30 00:00:00,CANCELLED,NORTH
ORD000256,CUST00444,2025-10-11 00:00:00,RETURNED,CENTRAL
ORD000257,CUST00484,2025-09-27 00:00:00,PLACED,WEST
ORD000258,CUST00456,2024-07-18 00:00:00,RETURNED,NORTH
ORD000259,CUST00445,2025-11-28 00:00:00,CANCELLED,CENTRAL
ORD000260,,2024-11-01 00:00:00,CANCELLED,NORTH
ORD000261,CUST00446,2026-05-24 00:00:00,SHIPPED,SOUTH
ORD000262,CUST00103,2024-12-16 00:00:00,CANCELLED,CENTRAL
ORD000263,CUST00458,2026-07-17 00:00:00,CANCELLED,SOUTH
ORD000264,CUST00162,2026-06-02 00:00:00,SHIPPED,NORTH
ORD000265,CUST00250,2024-12-06 00:00:00,SHIPPED,EAST
ORD000266,CUST00325,2024-02-29 00:00:00,PLACED,WEST
ORD000267,CUST00141,2024-08-02 00:00:00,SHIPPED,CENTRAL
ORD000268,CUST00392,2024-06-11 00:00:00,CANCELLED,NORTH
ORD000269,CUST00067,2025-09-21 00:00:00,CANCELLED,WEST
ORD000270,CUST00207,2025-03-15 00:00:00,CANCELLED,WEST
ORD000271,CUST00003,2024-02-08 00:00:00,RETURNED,SOUTH
ORD000272,CUST00375,2025-01-17 00:00:00,PLACED,EAST
ORD000273,CUST00388,2026-05-03 00:00:00,RETURNED,SOUTH
ORD000274,CUST00010,2025-11-23 00:00:00,PLACED,SOUTH
ORD000275,CUST00116,11-12-2025,DELIVERED,EAST
ORD000276,CUST00067,2024-04-15 00:00:00,CANCELLED,CENTRAL
ORD000277,CUST00302,2024-11-09 00:00:00,SHIPPED,NORTH
ORD000278,CUST00422,2024-02-16 00:00:00,DELIVERED,EAST
ORD000279,CUST00234,2026-01-15 00:00:00,RETURNED,CENTRAL
ORD000280,,2025-06-20 00:00:00,DELIVERED,WEST
ORD000281,CUST00455,2025-12-04 00:00:00,SHIPPED,EAST
ORD000282,CUST00462,2025-05-16 00:00:00,DELIVERED,SOUTH
ORD000283,CUST00085,2026-07-17 00:00:00,CANCELLED,NORTH
ORD000284,CUST00117,2024-08-17 00:00:00,SHIPPED,SOUTH
ORD000285,CUST00376,2024-01-23 00:00:00,RETURNED,CENTRAL
ORD000286,CUST00087,2024-05-06 00:00:00,DELIVERED,NORTH
ORD000287,CUST00193,2026-06-16 00:00:00,DELIVERED,CENTRAL
ORD000288,CUST00320,2024-02-19 00:00:00,RETURNED,NORTH
ORD000289,CUST00339,2024-04-20 00:00:00,PLACED,NORTH
ORD000290,CUST00354,2024-04-28 00:00:00,CANCELLED,WEST
ORD000291,CUST00195,2024-05-06 00:00:00,RETURNED,EAST
ORD000292,CUST00243,2025-12-19 00:00:00,SHIPPED,SOUTH
ORD000293,CUST00356,2025-12-03 00:00:00,PLACED,EAST
ORD000294,CUST00216,2025-11-08 00:00:00,PLACED,CENTRAL
ORD000295,CUST00139,2025-09-29 00:00:00,RETURNED,SOUTH
ORD000296,CUST00215,2026-04-30 00:00:00,PLACED,CENTRAL
ORD000297,CUST00369,2025-09-24 00:00:00,PLACED,EAST
ORD000298,CUST00059,2026-03-14 00:00:00,PLACED,WEST
ORD000299,CUST00102,2025-09-15 00:00:00,SHIPPED,EAST
ORD000300,,01-05-2026,RETURNED,SOUTH
ORD000301,CUST00184,2025-12-21 00:00:00,CANCELLED,EAST
ORD000302,CUST00083,2024-02-10 00:00:00,RETURNED,WEST
ORD000303,CUST00467,2024-07-31 00:00:00,CANCELLED,EAST
ORD000304,CUST00121,2024-01-03 00:00:00,PLACED,NORTH
ORD000305,CUST00465,2024-04-23 00:00:00,RETURNED,WEST
ORD000306,CUST00077,2024-04-02 00:00:00,RETURNED,NORTH
ORD000307,CUST00371,2026-01-10 00:00:00,PLACED,EAST
ORD000308,CUST00330,2024-08-24 00:00:00,CANCELLED,EAST
ORD000309,CUST00136,2025-04-20 00:00:00,PLACED,NORTH
ORD000310,CUST00417,2024-06-27 00:00:00,PLACED,EAST
ORD000311,CUST00185,2026-03-31 00:00:00,DELIVERED,WEST
ORD000312,CUST00379,2024-04-28 00:00:00,PLACED,NORTH
ORD000313,CUST00005,2026-05-22 00:00:00,SHIPPED,SOUTH
ORD000314,CUST00169,2025-01-01 00:00:00,CANCELLED,CENTRAL
ORD000315,CUST00138,2026-06-18 00:00:00,PLACED,EAST
ORD000316,CUST00418,2024-12-16 00:00:00,SHIPPED,NORTH
ORD000317,CUST00206,2025-02-13 00:00:00,CANCELLED,EAST
ORD000318,CUST00428,2025-01-29 00:00:00,CANCELLED,WEST
ORD000319,CUST00333,2026-06-26 00:00:00,SHIPPED,NORTH
ORD000320,,2024-05-15 00:00:00,PLACED,SOUTH
ORD000321,CUST00054,2025-03-02 00:00:00,RETURNED,WEST
ORD000322,CUST00411,2025-08-05 00:00:00,CANCELLED,SOUTH
ORD000323,CUST00313,2025-01-23 00:00:00,DELIVERED,CENTRAL
ORD000324,CUST00015,2026-06-02 00:00:00,SHIPPED,WEST
ORD000325,CUST00472,14-05-2025,PLACED,WEST
ORD000326,CUST00226,2024-02-17 00:00:00,PLACED,EAST
ORD000327,CUST00336,2024-11-17 00:00:00,PLACED,CENTRAL
ORD000328,CUST00393,2026-01-31 00:00:00,RETURNED,CENTRAL
ORD000329,CUST00115,2025-11-16 00:00:00,DELIVERED,CENTRAL
ORD000330,CUST00268,2025-12-05 00:00:00,RETURNED,NORTH
ORD000331,CUST00222,2025-11-08 00:00:00,SHIPPED,WEST
ORD000332,CUST00178,2025-11-10 00:00:00,CANCELLED,SOUTH
ORD000333,CUST00430,2026-04-26 00:00:00,RETURNED,CENTRAL
ORD000334,CUST00028,2024-01-12 00:00:00,SHIPPED,CENTRAL
ORD000335,CUST00435,2025-04-25 00:00:00,CANCELLED,SOUTH
ORD000336,CUST00039,2026-02-08 00:00:00,CANCELLED,EAST
ORD000337,CUST00124,2024-12-04 00:00:00,DELIVERED,NORTH
ORD000338,CUST00260,2024-08-16 00:00:00,RETURNED,WEST
ORD000339,CUST00207,2026-04-16 00:00:00,SHIPPED,NORTH
ORD000340,,2025-04-15 00:00:00,CANCELLED,CENTRAL
ORD000341,CUST00230,2024-03-31 00:00:00,CANCELLED,WEST
ORD000342,CUST00162,2024-05-01 00:00:00,CANCELLED,NORTH
ORD000343,CUST00053,2025-02-17 00:00:00,CANCELLED,NORTH
ORD000344,CUST00286,2025-07-16 00:00:00,PLACED,NORTH
ORD000345,CUST00406,2025-09-10 00:00:00,RETURNED,EAST
ORD000346,CUST00456,2025-06-04 00:00:00,RETURNED,SOUTH
ORD000347,CUST00336,2025-11-18 00:00:00,CANCELLED,EAST
ORD000348,CUST00187,2026-04-25 00:00:00,PLACED,SOUTH
ORD000349,CUST00433,2025-04-10 00:00:00,DELIVERED,CENTRAL
ORD000350,CUST00393,26-09-2025,RETURNED,WEST
ORD000351,CUST00367,2025-11-03 00:00:00,DELIVERED,WEST
ORD000352,CUST00059,2024-04-09 00:00:00,SHIPPED,NORTH
ORD000353,CUST00175,2024-12-29 00:00:00,DELIVERED,CENTRAL
ORD000354,CUST00268,2025-01-17 00:00:00,PLACED,NORTH
ORD000355,CUST00460,2024-06-17 00:00:00,CANCELLED,SOUTH
ORD000356,CUST00421,2026-01-04 00:00:00,CANCELLED,NORTH
ORD000357,CUST00131,2025-09-17 00:00:00,SHIPPED,SOUTH
ORD000358,CUST00062,2026-05-22 00:00:00,CANCELLED,SOUTH
ORD000359,CUST00235,2026-04-24 00:00:00,SHIPPED,EAST
ORD000360,,2024-04-20 00:00:00,CANCELLED,NORTH
ORD000361,CUST00475,2025-10-10 00:00:00,RETURNED,NORTH
ORD000362,CUST00396,2026-07-02 00:00:00,CANCELLED,WEST
ORD000363,CUST00338,2025-08-26 00:00:00,RETURNED,SOUTH
ORD000364,CUST00494,2025-05-25 00:00:00,PLACED,CENTRAL
ORD000365,CUST00377,2024-02-19 00:00:00,RETURNED,WEST
ORD000366,CUST00430,2025-08-22 00:00:00,CANCELLED,CENTRAL
ORD000367,CUST00400,2026-08-01 00:00:00,SHIPPED,CENTRAL
ORD000368,CUST00089,2026-01-18 00:00:00,SHIPPED,NORTH
ORD000369,CUST00199,2025-11-04 00:00:00,RETURNED,CENTRAL
ORD000370,CUST00452,2024-11-25 00:00:00,RETURNED,WEST
ORD000371,CUST00215,2025-09-15 00:00:00,SHIPPED,EAST
ORD000372,CUST00204,2024-12-17 00:00:00,DELIVERED,WEST
ORD000373,CUST00413,2024-05-16 00:00:00,SHIPPED,WEST
ORD000374,CUST00309,2025-12-17 00:00:00,RETURNED,EAST
ORD000375,CUST00432,19-12-2025,RETURNED,EAST
ORD000376,CUST00365,2026-01-24 00:00:00,RETURNED,SOUTH
ORD000377,CUST00103,2024-08-02 00:00:00,RETURNED,EAST
ORD000378,CUST00352,2024-12-19 00:00:00,SHIPPED,SOUTH
ORD000379,CUST00258,2025-07-09 00:00:00,DELIVERED,NORTH
ORD000380,,2026-02-18 00:00:00,DELIVERED,CENTRAL
ORD000381,CUST00246,2025-08-19 00:00:00,RETURNED,WEST
ORD000382,CUST00346,2026-02-04 00:00:00,RETURNED,EAST
ORD000383,CUST00450,2026-05-17 00:00:00,CANCELLED,NORTH
ORD000384,CUST00268,2024-04-19 00:00:00,PLACED,WEST
ORD000385,CUST00075,2024-02-24 00:00:00,PLACED,SOUTH
ORD000386,CUST00137,2026-02-07 00:00:00,SHIPPED,EAST
ORD000387,CUST00350,2024-09-13 00:00:00,SHIPPED,NORTH
ORD000388,CUST00354,2026-03-14 00:00:00,DELIVERED,SOUTH
ORD000389,CUST00386,2025-07-08 00:00:00,PLACED,EAST
ORD000390,CUST00417,2025-04-08 00:00:00,PLACED,CENTRAL
ORD000391,CUST00445,2025-11-22 00:00:00,RETURNED,SOUTH
ORD000392,CUST00381,2025-10-24 00:00:00,RETURNED,WEST
ORD000393,CUST00122,2025-06-07 00:00:00,DELIVERED,NORTH
ORD000394,CUST00475,2025-01-25 00:00:00,CANCELLED,WEST
ORD000395,CUST00490,2026-03-18 00:00:00,DELIVERED,CENTRAL
ORD000396,CUST00028,2024-01-14 00:00:00,DELIVERED,SOUTH
ORD000397,CUST00318,2026-06-08 00:00:00,CANCELLED,SOUTH
ORD000398,CUST00467,2025-10-10 00:00:00,DELIVERED,CENTRAL
ORD000399,CUST00280,2026-01-26 00:00:00,RETURNED,SOUTH
ORD000400,,05-03-2026,SHIPPED,EAST
ORD000401,CUST00230,2024-06-30 00:00:00,PLACED,SOUTH
ORD000402,CUST00493,2024-06-26 00:00:00,RETURNED,NORTH
ORD000403,CUST00194,2024-02-11 00:00:00,CANCELLED,EAST
ORD000404,CUST00285,2024-09-27 00:00:00,SHIPPED,SOUTH
ORD000405,CUST00300,2026-05-16 00:00:00,DELIVERED,NORTH
ORD000406,CUST00170,2025-04-22 00:00:00,SHIPPED,NORTH
ORD000407,CUST00079,2024-11-26 00:00:00,RETURNED,NORTH
ORD000408,CUST00397,2025-10-02 00:00:00,RETURNED,EAST
ORD000409,CUST00252,2026-03-19 00:00:00,RETURNED,CENTRAL
ORD000410,CUST00184,2024-03-15 00:00:00,DELIVERED,CENTRAL
ORD000411,CUST00113,2024-07-07 00:00:00,RETURNED,NORTH
ORD000412,CUST00403,2025-06-01 00:00:00,SHIPPED,WEST
ORD000413,CUST00279,2025-07-03 00:00:00,CANCELLED,NORTH
ORD000414,CUST00179,2024-08-14 00:00:00,SHIPPED,EAST
ORD000415,CUST00170,2025-01-04 00:00:00,DELIVERED,SOUTH
ORD000416,CUST00487,2026-02-09 00:00:00,RETURNED,CENTRAL
ORD000417,CUST00244,2025-07-28 00:00:00,PLACED,NORTH
ORD000418,CUST00343,2024-12-20 00:00:00,CANCELLED,SOUTH
ORD000419,CUST00464,2025-10-19 00:00:00,RETURNED,CENTRAL
ORD000420,,2024-09-06 00:00:00,PLACED,EAST
ORD000421,CUST00196,2026-07-26 00:00:00,PLACED,WEST
ORD000422,CUST00132,2025-07-07 00:00:00,DELIVERED,NORTH
ORD000423,CUST00467,2025-06-13 00:00:00,DELIVERED,CENTRAL
ORD000424,CUST00412,2025-06-04 00:00:00,CANCELLED,WEST
ORD000425,CUST00023,30-10-2024,SHIPPED,EAST
ORD000426,CUST00264,2024-03-25 00:00:00,PLACED,SOUTH
ORD000427,CUST00498,2026-03-02 00:00:00,RETURNED,CENTRAL
ORD000428,CUST00004,2025-10-03 00:00:00,PLACED,SOUTH
ORD000429,CUST00344,2025-10-06 00:00:00,SHIPPED,WEST
ORD000430,CUST00428,2024-04-16 00:00:00,SHIPPED,CENTRAL
ORD000431,CUST00425,2025-12-20 00:00:00,CANCELLED,NORTH
ORD000432,CUST00383,2025-12-03 00:00:00,SHIPPED,NORTH
ORD000433,CUST00236,2026-01-04 00:00:00,DELIVERED,NORTH
ORD000434,CUST00045,2024-03-16 00:00:00,PLACED,SOUTH
ORD000435,CUST00407,2024-09-14 00:00:00,RETURNED,NORTH
ORD000436,CUST00295,2026-04-21 00:00:00,SHIPPED,EAST
ORD000437,CUST00209,2025-02-01 00:00:00,CANCELLED,WEST
ORD000438,CUST00222,2024-11-19 00:00:00,PLACED,WEST
ORD000439,CUST00345,2024-05-01 00:00:00,RETURNED,NORTH
ORD000440,,2025-10-18 00:00:00,RETURNED,NORTH
ORD000441,CUST00388,2026-02-02 00:00:00,RETURNED,NORTH
ORD000442,CUST00359,2026-05-18 00:00:00,PLACED,EAST
ORD000443,CUST00476,2025-05-29 00:00:00,PLACED,EAST
ORD000444,CUST00403,2025-12-03 00:00:00,DELIVERED,CENTRAL
ORD000445,CUST00045,2024-10-15 00:00:00,CANCELLED,WEST
ORD000446,CUST00203,2026-04-21 00:00:00,PLACED,WEST
ORD000447,CUST00081,2025-06-30 00:00:00,SHIPPED,SOUTH
ORD000448,CUST00383,2025-02-04 00:00:00,RETURNED,EAST
ORD000449,CUST00492,2025-10-11 00:00:00,SHIPPED,EAST
ORD000450,CUST00347,27-06-2026,DELIVERED,NORTH
ORD000451,CUST00284,2026-06-14 00:00:00,RETURNED,SOUTH
ORD000452,CUST00064,2024-02-12 00:00:00,PLACED,CENTRAL
ORD000453,CUST00306,2025-02-07 00:00:00,RETURNED,CENTRAL
ORD000454,CUST00485,2024-03-28 00:00:00,DELIVERED,SOUTH
ORD000455,CUST00384,2026-01-29 00:00:00,DELIVERED,SOUTH
ORD000456,CUST00212,2026-07-16 00:00:00,RETURNED,SOUTH
ORD000457,CUST00083,2024-07-07 00:00:00,SHIPPED,CENTRAL
ORD000458,CUST00428,2024-09-15 00:00:00,SHIPPED,NORTH
ORD000459,CUST00093,2025-11-18 00:00:00,RETURNED,NORTH
ORD000460,,2026-05-21 00:00:00,RETURNED,WEST
ORD000461,CUST00331,2025-07-16 00:00:00,PLACED,EAST
ORD000462,CUST00344,2024-03-09 00:00:00,DELIVERED,NORTH
ORD000463,CUST00102,2026-01-13 00:00:00,RETURNED,WEST
ORD000464,CUST00488,2024-12-04 00:00:00,DELIVERED,SOUTH
ORD000465,CUST00344,2025-11-02 00:00:00,SHIPPED,NORTH
ORD000466,CUST00146,2025-09-26 00:00:00,PLACED,SOUTH
ORD000467,CUST00163,2025-05-12 00:00:00,CANCELLED,EAST
ORD000468,CUST00316,2025-11-06 00:00:00,DELIVERED,CENTRAL
ORD000469,CUST00079,2025-08-02 00:00:00,RETURNED,EAST
ORD000470,CUST00414,2024-11-19 00:00:00,CANCELLED,SOUTH
ORD000471,CUST00003,2024-11-16 00:00:00,SHIPPED,SOUTH
ORD000472,CUST00365,2026-01-27 00:00:00,CANCELLED,EAST
ORD000473,CUST00431,2025-01-03 00:00:00,SHIPPED,EAST
ORD000474,CUST00450,2025-05-06 00:00:00,CANCELLED,WEST
ORD000475,CUST00184,04-03-2026,DELIVERED,WEST
ORD000476,CUST00283,2024-04-21 00:00:00,SHIPPED,CENTRAL
ORD000477,CUST00042,2026-05-11 00:00:00,DELIVERED,SOUTH
ORD000478,CUST00457,2025-07-05 00:00:00,SHIPPED,EAST
ORD000479,CUST00376,2026-06-26 00:00:00,PLACED,NORTH
ORD000480,,2026-07-02 00:00:00,PLACED,CENTRAL
ORD000481,CUST00324,2024-02-01 00:00:00,RETURNED,CENTRAL
ORD000482,CUST00208,2026-02-26 00:00:00,RETURNED,SOUTH
ORD000483,CUST00465,2024-02-07 00:00:00,RETURNED,EAST
ORD000484,CUST00279,2026-07-04 00:00:00,RETURNED,WEST
ORD000485,CUST00335,2026-03-04 00:00:00,SHIPPED,EAST
ORD000486,CUST00201,2024-08-16 00:00:00,RETURNED,EAST
ORD000487,CUST00069,2025-04-20 00:00:00,RETURNED,CENTRAL
ORD000488,CUST00047,2025-02-10 00:00:00,DELIVERED,CENTRAL
ORD000489,CUST00006,2025-11-09 00:00:00,SHIPPED,CENTRAL
ORD000490,CUST00351,2024-06-18 00:00:00,RETURNED,SOUTH
ORD000491,CUST00229,2024-06-12 00:00:00,SHIPPED,CENTRAL
ORD000492,CUST00486,2025-08-02 00:00:00,SHIPPED,WEST
ORD000493,CUST00481,2025-01-02 00:00:00,PLACED,SOUTH
ORD000494,CUST00390,2025-05-14 00:00:00,SHIPPED,NORTH
ORD000495,CUST00136,2025-01-13 00:00:00,SHIPPED,NORTH
ORD000496,CUST00343,2024-07-30 00:00:00,RETURNED,EAST
ORD000497,CUST00199,2025-04-25 00:00:00,CANCELLED,NORTH
ORD000498,CUST00021,2025-10-26 00:00:00,DELIVERED,NORTH
ORD000499,CUST00361,2025-06-17 00:00:00,DELIVERED,EAST
ORD000500,,15-08-2025,RETURNED,CENTRAL
ORD000501,CUST00090,2025-01-20 00:00:00,CANCELLED,EAST
ORD000502,CUST00301,2025-10-31 00:00:00,PLACED,CENTRAL
ORD000503,CUST00129,2025-01-20 00:00:00,SHIPPED,CENTRAL
ORD000504,CUST00208,2024-12-27 00:00:00,DELIVERED,WEST
ORD000505,CUST00406,2025-05-08 00:00:00,RETURNED,NORTH
ORD000506,CUST00257,2026-06-22 00:00:00,SHIPPED,WEST
ORD000507,CUST00085,2024-08-23 00:00:00,PLACED,CENTRAL
ORD000508,CUST00330,2024-10-14 00:00:00,SHIPPED,SOUTH
ORD000509,CUST00096,2024-06-10 00:00:00,DELIVERED,CENTRAL
ORD000510,CUST00368,2026-04-16 00:00:00,PLACED,SOUTH
ORD000511,CUST00213,2026-04-10 00:00:00,DELIVERED,NORTH
ORD000512,CUST00247,2025-11-22 00:00:00,CANCELLED,WEST
ORD000513,CUST00108,2025-08-27 00:00:00,SHIPPED,WEST
ORD000514,CUST00012,2024-09-06 00:00:00,PLACED,SOUTH
ORD000515,CUST00294,2025-08-29 00:00:00,SHIPPED,SOUTH
ORD000516,CUST00323,2025-06-08 00:00:00,PLACED,CENTRAL
ORD000517,CUST00076,2024-02-27 00:00:00,SHIPPED,EAST
ORD000518,CUST00473,2024-07-03 00:00:00,RETURNED,WEST
ORD000519,CUST00307,2025-07-31 00:00:00,PLACED,EAST
ORD000520,,2024-03-28 00:00:00,SHIPPED,WEST
ORD000521,CUST00311,2025-04-27 00:00:00,CANCELLED,SOUTH
ORD000522,CUST00113,2026-04-30 00:00:00,CANCELLED,CENTRAL
ORD000523,CUST00074,2026-03-24 00:00:00,RETURNED,SOUTH
ORD000524,CUST00320,2025-11-06 00:00:00,RETURNED,EAST
ORD000525,CUST00086,11-01-2026,DELIVERED,WEST
ORD000526,CUST00306,2025-08-27 00:00:00,PLACED,SOUTH
ORD000527,CUST00194,2025-01-29 00:00:00,SHIPPED,NORTH
ORD000528,CUST00009,2024-07-26 00:00:00,RETURNED,CENTRAL
ORD000529,CUST00351,2025-03-05 00:00:00,SHIPPED,CENTRAL
ORD000530,CUST00050,2024-06-30 00:00:00,CANCELLED,CENTRAL
ORD000531,CUST00308,2024-02-09 00:00:00,RETURNED,CENTRAL
ORD000532,CUST00386,2024-04-30 00:00:00,PLACED,WEST
ORD000533,CUST00338,2024-05-13 00:00:00,RETURNED,CENTRAL
ORD000534,CUST00424,2024-01-02 00:00:00,CANCELLED,CENTRAL
ORD000535,CUST00216,2025-01-14 00:00:00,PLACED,CENTRAL
ORD000536,CUST00220,2024-08-22 00:00:00,CANCELLED,WEST
ORD000537,CUST00180,2025-08-26 00:00:00,RETURNED,NORTH
ORD000538,CUST00218,2024-05-17 00:00:00,DELIVERED,WEST
ORD000539,CUST00393,2024-08-26 00:00:00,PLACED,EAST
ORD000540,,2025-09-04 00:00:00,RETURNED,WEST
ORD000541,CUST00132,2024-07-12 00:00:00,PLACED,NORTH
ORD000542,CUST00296,2025-06-19 00:00:00,PLACED,CENTRAL
ORD000543,CUST00004,2025-01-19 00:00:00,SHIPPED,EAST
ORD000544,CUST00210,2025-01-05 00:00:00,PLACED,SOUTH
ORD000545,CUST00219,2025-10-29 00:00:00,RETURNED,EAST
ORD000546,CUST00134,2026-05-25 00:00:00,RETURNED,WEST
ORD000547,CUST00290,2025-01-09 00:00:00,RETURNED,EAST
ORD000548,CUST00349,2025-02-10 00:00:00,SHIPPED,WEST
ORD000549,CUST00283,2026-03-13 00:00:00,RETURNED,WEST
ORD000550,CUST00092,14-01-2025,RETURNED,CENTRAL
ORD000551,CUST00248,2024-09-16 00:00:00,DELIVERED,CENTRAL
ORD000552,CUST00177,2026-03-03 00:00:00,CANCELLED,SOUTH
ORD000553,CUST00438,2026-06-03 00:00:00,PLACED,SOUTH
ORD000554,CUST00229,2026-03-12 00:00:00,SHIPPED,NORTH
ORD000555,CUST00110,2025-06-04 00:00:00,CANCELLED,EAST
ORD000556,CUST00411,2025-07-17 00:00:00,RETURNED,NORTH
ORD000557,CUST00083,2025-02-02 00:00:00,PLACED,NORTH
ORD000558,CUST00422,2024-05-28 00:00:00,CANCELLED,CENTRAL
ORD000559,CUST00223,2024-03-31 00:00:00,PLACED,EAST
ORD000560,,2024-08-15 00:00:00,DELIVERED,NORTH
ORD000561,CUST00312,2024-02-08 00:00:00,CANCELLED,WEST
ORD000562,CUST00315,2025-11-02 00:00:00,RETURNED,EAST
ORD000563,CUST00365,2025-09-03 00:00:00,PLACED,SOUTH
ORD000564,CUST00328,2025-05-21 00:00:00,CANCELLED,NORTH
ORD000565,CUST00104,2026-05-20 00:00:00,RETURNED,EAST
ORD000566,CUST00100,2024-02-04 00:00:00,RETURNED,CENTRAL
ORD000567,CUST00265,2025-12-16 00:00:00,SHIPPED,CENTRAL
ORD000568,CUST00087,2025-11-21 00:00:00,PLACED,EAST
ORD000569,CUST00123,2025-11-01 00:00:00,PLACED,SOUTH
ORD000570,CUST00045,2024-10-09 00:00:00,CANCELLED,EAST
ORD000571,CUST00343,2025-02-08 00:00:00,CANCELLED,CENTRAL
ORD000572,CUST00103,2025-06-14 00:00:00,PLACED,NORTH
ORD000573,CUST00471,2024-04-02 00:00:00,RETURNED,EAST
ORD000574,CUST00372,2026-04-29 00:00:00,RETURNED,CENTRAL
ORD000575,CUST00179,21-12-2024,DELIVERED,SOUTH
ORD000576,CUST00311,2024-07-18 00:00:00,CANCELLED,WEST
ORD000577,CUST00295,2024-01-05 00:00:00,DELIVERED,SOUTH
ORD000578,CUST00209,2025-06-02 00:00:00,PLACED,CENTRAL
ORD000579,CUST00038,2025-05-30 00:00:00,DELIVERED,EAST
ORD000580,,2024-04-29 00:00:00,RETURNED,EAST
ORD000581,CUST00449,2025-07-04 00:00:00,RETURNED,EAST
ORD000582,CUST00356,2025-03-29 00:00:00,CANCELLED,CENTRAL
ORD000583,CUST00248,2026-02-27 00:00:00,SHIPPED,EAST
ORD000584,CUST00493,2026-03-05 00:00:00,CANCELLED,WEST
ORD000585,CUST00460,2025-08-23 00:00:00,PLACED,WEST
ORD000586,CUST00060,2024-09-21 00:00:00,PLACED,WEST
ORD000587,CUST00325,2026-03-18 00:00:00,SHIPPED,SOUTH
ORD000588,CUST00410,2024-11-19 00:00:00,CANCELLED,EAST
ORD000589,CUST00265,2025-07-02 00:00:00,PLACED,EAST
ORD000590,CUST00128,2024-10-21 00:00:00,PLACED,WEST
ORD000591,CUST00345,2026-02-05 00:00:00,DELIVERED,NORTH
ORD000592,CUST00284,2024-07-01 00:00:00,CANCELLED,EAST
ORD000593,CUST00182,2024-08-11 00:00:00,RETURNED,EAST
ORD000594,CUST00094,2026-02-03 00:00:00,SHIPPED,WEST
ORD000595,CUST00378,2024-07-23 00:00:00,SHIPPED,SOUTH
ORD000596,CUST00447,2024-09-28 00:00:00,SHIPPED,SOUTH
ORD000597,CUST00104,2026-05-04 00:00:00,SHIPPED,CENTRAL
ORD000598,CUST00183,2024-06-08 00:00:00,PLACED,NORTH
ORD000599,CUST00472,2024-03-21 00:00:00,CANCELLED,CENTRAL
ORD000600,,07-01-2024,RETURNED,NORTH
ORD000601,CUST00435,2025-05-08 00:00:00,DELIVERED,CENTRAL
ORD000602,CUST00162,2025-05-19 00:00:00,RETURNED,EAST
ORD000603,CUST00252,2024-07-06 00:00:00,RETURNED,EAST
ORD000604,CUST00204,2024-08-15 00:00:00,RETURNED,SOUTH
ORD000605,CUST00028,2025-06-22 00:00:00,CANCELLED,WEST
ORD000606,CUST00482,2025-07-07 00:00:00,PLACED,CENTRAL
ORD000607,CUST00178,2025-02-07 00:00:00,SHIPPED,WEST
ORD000608,CUST00500,2024-05-03 00:00:00,RETURNED,WEST
ORD000609,CUST00162,2025-12-06 00:00:00,PLACED,NORTH
ORD000610,CUST00346,2024-08-03 00:00:00,CANCELLED,CENTRAL
ORD000611,CUST00052,2024-11-29 00:00:00,DELIVERED,CENTRAL
ORD000612,CUST00442,2024-09-22 00:00:00,SHIPPED,CENTRAL
ORD000613,CUST00135,2024-08-30 00:00:00,DELIVERED,WEST
ORD000614,CUST00491,2025-09-19 00:00:00,DELIVERED,EAST
ORD000615,CUST00095,2025-05-25 00:00:00,CANCELLED,SOUTH
ORD000616,CUST00215,2025-12-18 00:00:00,DELIVERED,EAST
ORD000617,CUST00438,2025-02-14 00:00:00,DELIVERED,WEST
ORD000618,CUST00093,2025-08-08 00:00:00,SHIPPED,CENTRAL
ORD000619,CUST00352,2024-08-22 00:00:00,PLACED,EAST
ORD000620,,2026-04-03 00:00:00,SHIPPED,CENTRAL
ORD000621,CUST00222,2026-05-26 00:00:00,CANCELLED,SOUTH
ORD000622,CUST00075,2026-03-30 00:00:00,SHIPPED,WEST
ORD000623,CUST00413,2024-01-10 00:00:00,SHIPPED,WEST
ORD000624,CUST00256,2024-05-17 00:00:00,RETURNED,CENTRAL
ORD000625,CUST00369,19-11-2024,CANCELLED,EAST
ORD000626,CUST00129,2025-07-29 00:00:00,RETURNED,NORTH
ORD000627,CUST00204,2024-04-11 00:00:00,SHIPPED,NORTH
ORD000628,CUST00111,2026-04-13 00:00:00,DELIVERED,WEST
ORD000629,CUST00430,2025-10-06 00:00:00,PLACED,WEST
ORD000630,CUST00382,2024-12-08 00:00:00,DELIVERED,EAST
ORD000631,CUST00185,2025-07-27 00:00:00,RETURNED,EAST
ORD000632,CUST00177,2024-01-21 00:00:00,CANCELLED,NORTH
ORD000633,CUST00180,2026-06-07 00:00:00,RETURNED,SOUTH
ORD000634,CUST00296,2025-08-12 00:00:00,RETURNED,SOUTH
ORD000635,CUST00400,2024-10-18 00:00:00,DELIVERED,EAST
ORD000636,CUST00345,2025-06-06 00:00:00,CANCELLED,WEST
ORD000637,CUST00456,2024-03-21 00:00:00,CANCELLED,CENTRAL
ORD000638,CUST00147,2025-04-19 00:00:00,SHIPPED,SOUTH
ORD000639,CUST00328,2026-04-07 00:00:00,DELIVERED,WEST
ORD000640,,2025-10-08 00:00:00,RETURNED,CENTRAL
ORD000641,CUST00208,2026-05-19 00:00:00,PLACED,NORTH
ORD000642,CUST00083,2024-12-17 00:00:00,SHIPPED,EAST
ORD000643,CUST00163,2025-10-30 00:00:00,DELIVERED,EAST
ORD000644,CUST00310,2025-10-22 00:00:00,CANCELLED,EAST
ORD000645,CUST00455,2025-03-31 00:00:00,DELIVERED,CENTRAL
ORD000646,CUST00267,2025-04-06 00:00:00,CANCELLED,SOUTH
ORD000647,CUST00095,2026-05-24 00:00:00,PLACED,SOUTH
ORD000648,CUST00373,2024-08-28 00:00:00,DELIVERED,NORTH
ORD000649,CUST00108,2024-06-19 00:00:00,CANCELLED,NORTH
ORD000650,CUST00049,06-03-2024,CANCELLED,CENTRAL
ORD000651,CUST00028,2024-01-27 00:00:00,CANCELLED,CENTRAL
ORD000652,CUST00392,2024-03-26 00:00:00,PLACED,EAST
ORD000653,CUST00317,2024-06-08 00:00:00,PLACED,WEST
ORD000654,CUST00159,2024-08-22 00:00:00,SHIPPED,EAST
ORD000655,CUST00227,2025-10-03 00:00:00,SHIPPED,SOUTH
ORD000656,CUST00270,2026-05-08 00:00:00,SHIPPED,NORTH
ORD000657,CUST00018,2025-11-10 00:00:00,DELIVERED,EAST
ORD000658,CUST00443,2025-05-02 00:00:00,CANCELLED,CENTRAL
ORD000659,CUST00479,2024-10-05 00:00:00,RETURNED,WEST
ORD000660,,2024-05-18 00:00:00,RETURNED,SOUTH
ORD000661,CUST00303,2025-09-03 00:00:00,CANCELLED,CENTRAL
ORD000662,CUST00223,2025-06-20 00:00:00,RETURNED,EAST
ORD000663,CUST00466,2024-12-21 00:00:00,CANCELLED,CENTRAL
ORD000664,CUST00117,2026-04-04 00:00:00,PLACED,WEST
ORD000665,CUST00158,2025-01-09 00:00:00,CANCELLED,EAST
ORD000666,CUST00080,2024-11-06 00:00:00,PLACED,NORTH
ORD000667,CUST00268,2026-04-14 00:00:00,SHIPPED,EAST
ORD000668,CUST00147,2025-04-25 00:00:00,RETURNED,NORTH
ORD000669,CUST00353,2025-05-18 00:00:00,CANCELLED,EAST
ORD000670,CUST00005,2026-02-23 00:00:00,CANCELLED,EAST
ORD000671,CUST00306,2024-08-24 00:00:00,PLACED,CENTRAL
ORD000672,CUST00192,2024-07-12 00:00:00,CANCELLED,CENTRAL
ORD000673,CUST00224,2025-02-08 00:00:00,SHIPPED,SOUTH
ORD000674,CUST00367,2026-01-24 00:00:00,CANCELLED,WEST
ORD000675,CUST00113,26-09-2024,PLACED,WEST
ORD000676,CUST00321,2024-09-02 00:00:00,RETURNED,CENTRAL
ORD000677,CUST00414,2025-12-11 00:00:00,DELIVERED,EAST
ORD000678,CUST00333,2026-01-30 00:00:00,RETURNED,EAST
ORD000679,CUST00212,2024-07-11 00:00:00,PLACED,SOUTH
ORD000680,,2024-05-19 00:00:00,DELIVERED,NORTH
ORD000681,CUST00327,2025-04-11 00:00:00,RETURNED,WEST
ORD000682,CUST00140,2025-12-18 00:00:00,RETURNED,WEST
ORD000683,CUST00097,2024-11-24 00:00:00,PLACED,SOUTH
ORD000684,CUST00026,2025-07-01 00:00:00,PLACED,SOUTH
ORD000685,CUST00498,2024-04-14 00:00:00,DELIVERED,EAST
ORD000686,CUST00065,2026-01-02 00:00:00,CANCELLED,NORTH
ORD000687,CUST00120,2024-04-02 00:00:00,SHIPPED,NORTH
ORD000688,CUST00253,2024-08-10 00:00:00,DELIVERED,WEST
ORD000689,CUST00160,2026-03-15 00:00:00,CANCELLED,EAST
ORD000690,CUST00238,2025-12-14 00:00:00,PLACED,EAST
ORD000691,CUST00042,2026-05-13 00:00:00,SHIPPED,NORTH
ORD000692,CUST00137,2026-03-05 00:00:00,CANCELLED,NORTH
ORD000693,CUST00279,2025-04-26 00:00:00,SHIPPED,SOUTH
ORD000694,CUST00459,2026-05-11 00:00:00,DELIVERED,WEST
ORD000695,CUST00425,2024-01-13 00:00:00,PLACED,SOUTH
ORD000696,CUST00198,2026-02-28 00:00:00,CANCELLED,SOUTH
ORD000697,CUST00378,2024-02-04 00:00:00,SHIPPED,WEST
ORD000698,CUST00377,2026-02-28 00:00:00,PLACED,CENTRAL
ORD000699,CUST00341,2024-08-01 00:00:00,CANCELLED,WEST
ORD000700,,28-11-2025,DELIVERED,EAST
ORD000701,CUST00082,2025-10-06 00:00:00,PLACED,CENTRAL
ORD000702,CUST00267,2024-05-05 00:00:00,DELIVERED,WEST
ORD000703,CUST00327,2024-11-01 00:00:00,SHIPPED,EAST
ORD000704,CUST00455,2024-02-23 00:00:00,SHIPPED,NORTH
ORD000705,CUST00121,2025-10-10 00:00:00,CANCELLED,EAST
ORD000706,CUST00008,2024-06-20 00:00:00,DELIVERED,CENTRAL
ORD000707,CUST00062,2025-02-09 00:00:00,SHIPPED,NORTH
ORD000708,CUST00497,2024-02-13 00:00:00,RETURNED,WEST
ORD000709,CUST00353,2025-09-02 00:00:00,SHIPPED,EAST
ORD000710,CUST00395,2024-04-01 00:00:00,SHIPPED,SOUTH
ORD000711,CUST00256,2024-04-03 00:00:00,RETURNED,EAST
ORD000712,CUST00477,2026-02-16 00:00:00,PLACED,NORTH
ORD000713,CUST00183,2025-10-22 00:00:00,SHIPPED,CENTRAL
ORD000714,CUST00406,2024-04-19 00:00:00,SHIPPED,WEST
ORD000715,CUST00120,2024-11-20 00:00:00,RETURNED,EAST
ORD000716,CUST00413,2026-07-02 00:00:00,CANCELLED,SOUTH
ORD000717,CUST00011,2025-12-06 00:00:00,CANCELLED,EAST
ORD000718,CUST00371,2024-05-17 00:00:00,DELIVERED,NORTH
ORD000719,CUST00249,2025-12-24 00:00:00,CANCELLED,CENTRAL
ORD000720,,2024-10-28 00:00:00,RETURNED,WEST
ORD000721,CUST00098,2025-08-03 00:00:00,SHIPPED,CENTRAL
ORD000722,CUST00179,2024-11-27 00:00:00,CANCELLED,EAST
ORD000723,CUST00445,2026-05-01 00:00:00,RETURNED,CENTRAL
ORD000724,CUST00083,2024-03-11 00:00:00,RETURNED,SOUTH
ORD000725,CUST00231,29-10-2024,DELIVERED,CENTRAL
ORD000726,CUST00188,2025-04-09 00:00:00,PLACED,CENTRAL
ORD000727,CUST00195,2026-01-21 00:00:00,SHIPPED,NORTH
ORD000728,CUST00318,2026-05-27 00:00:00,DELIVERED,CENTRAL
ORD000729,CUST00123,2024-11-24 00:00:00,PLACED,CENTRAL
ORD000730,CUST00420,2025-01-31 00:00:00,SHIPPED,CENTRAL
ORD000731,CUST00350,2025-05-24 00:00:00,RETURNED,SOUTH
ORD000732,CUST00314,2024-10-16 00:00:00,DELIVERED,WEST
ORD000733,CUST00329,2024-11-25 00:00:00,PLACED,NORTH
ORD000734,CUST00268,2025-11-05 00:00:00,PLACED,NORTH
ORD000735,CUST00428,2024-05-12 00:00:00,SHIPPED,NORTH
ORD000736,CUST00104,2024-04-19 00:00:00,CANCELLED,SOUTH
ORD000737,CUST00051,2024-02-02 00:00:00,RETURNED,WEST
ORD000738,CUST00337,2025-05-16 00:00:00,RETURNED,CENTRAL
ORD000739,CUST00360,2025-08-27 00:00:00,DELIVERED,NORTH
ORD000740,,2025-01-10 00:00:00,SHIPPED,CENTRAL
ORD000741,CUST00368,2024-03-13 00:00:00,PLACED,SOUTH
ORD000742,CUST00336,2025-05-18 00:00:00,PLACED,WEST
ORD000743,CUST00411,2025-10-16 00:00:00,PLACED,EAST
ORD000744,CUST00286,2026-01-31 00:00:00,CANCELLED,EAST
ORD000745,CUST00407,2025-12-26 00:00:00,PLACED,CENTRAL
ORD000746,CUST00137,2025-06-25 00:00:00,PLACED,NORTH
ORD000747,CUST00428,2024-11-07 00:00:00,PLACED,SOUTH
ORD000748,CUST00492,2025-06-15 00:00:00,PLACED,NORTH
ORD000749,CUST00372,2024-08-24 00:00:00,RETURNED,WEST
ORD000750,CUST00098,16-07-2024,RETURNED,SOUTH
ORD000751,CUST00292,2025-10-02 00:00:00,SHIPPED,CENTRAL
ORD000752,CUST00384,2025-07-25 00:00:00,CANCELLED,NORTH
ORD000753,CUST00393,2025-10-15 00:00:00,RETURNED,EAST
ORD000754,CUST00346,2025-04-14 00:00:00,CANCELLED,NORTH
ORD000755,CUST00086,2026-03-22 00:00:00,SHIPPED,CENTRAL
ORD000756,CUST00206,2025-05-31 00:00:00,DELIVERED,SOUTH
ORD000757,CUST00274,2025-09-06 00:00:00,CANCELLED,EAST
ORD000758,CUST00463,2024-11-18 00:00:00,RETURNED,EAST
ORD000759,CUST00433,2025-01-15 00:00:00,CANCELLED,WEST
ORD000760,,2026-04-25 00:00:00,DELIVERED,CENTRAL
ORD000761,CUST00124,2025-07-30 00:00:00,RETURNED,SOUTH
ORD000762,CUST00193,2026-02-23 00:00:00,RETURNED,EAST
ORD000763,CUST00185,2025-04-08 00:00:00,CANCELLED,WEST
ORD000764,CUST00001,2026-01-13 00:00:00,PLACED,EAST
ORD000765,CUST00306,2024-01-17 00:00:00,RETURNED,SOUTH
ORD000766,CUST00456,2024-11-05 00:00:00,PLACED,EAST
ORD000767,CUST00114,2024-08-07 00:00:00,DELIVERED,NORTH
ORD000768,CUST00396,2026-04-21 00:00:00,DELIVERED,CENTRAL
ORD000769,CUST00262,2025-07-23 00:00:00,RETURNED,CENTRAL
ORD000770,CUST00080,2024-04-06 00:00:00,PLACED,WEST
ORD000771,CUST00183,2024-06-08 00:00:00,SHIPPED,EAST
ORD000772,CUST00188,2026-06-29 00:00:00,RETURNED,SOUTH
ORD000773,CUST00120,2024-09-19 00:00:00,DELIVERED,NORTH
ORD000774,CUST00293,2025-02-13 00:00:00,RETURNED,SOUTH
ORD000775,CUST00376,20-03-2024,DELIVERED,WEST
ORD000776,CUST00089,2025-05-14 00:00:00,RETURNED,NORTH
ORD000777,CUST00305,2025-10-19 00:00:00,DELIVERED,NORTH
ORD000778,CUST00375,2026-04-07 00:00:00,RETURNED,WEST
ORD000779,CUST00041,2026-03-09 00:00:00,PLACED,EAST
ORD000780,,2024-12-22 00:00:00,CANCELLED,WEST
ORD000781,CUST00477,2026-06-07 00:00:00,PLACED,SOUTH
ORD000782,CUST00383,2025-10-30 00:00:00,RETURNED,NORTH
ORD000783,CUST00325,2026-03-07 00:00:00,CANCELLED,NORTH
ORD000784,CUST00157,2025-06-20 00:00:00,PLACED,EAST
ORD000785,CUST00277,2025-08-01 00:00:00,SHIPPED,EAST
ORD000786,CUST00258,2025-12-15 00:00:00,SHIPPED,SOUTH
ORD000787,CUST00026,2025-11-20 00:00:00,CANCELLED,WEST
ORD000788,CUST00386,2025-09-01 00:00:00,RETURNED,CENTRAL
ORD000789,CUST00047,2024-08-15 00:00:00,CANCELLED,EAST
ORD000790,CUST00403,2025-02-07 00:00:00,SHIPPED,SOUTH
ORD000791,CUST00173,2024-03-25 00:00:00,CANCELLED,CENTRAL
ORD000792,CUST00382,2024-02-20 00:00:00,RETURNED,WEST
ORD000793,CUST00135,2024-03-28 00:00:00,CANCELLED,CENTRAL
ORD000794,CUST00223,2026-03-03 00:00:00,SHIPPED,SOUTH
ORD000795,CUST00247,2025-07-26 00:00:00,SHIPPED,WEST
ORD000796,CUST00203,2025-10-29 00:00:00,RETURNED,SOUTH
ORD000797,CUST00288,2025-09-22 00:00:00,RETURNED,SOUTH
ORD000798,CUST00125,2024-03-14 00:00:00,DELIVERED,WEST
ORD000799,CUST00166,2025-12-02 00:00:00,RETURNED,NORTH
ORD000800,,25-04-2024,CANCELLED,WEST
ORD000801,CUST00188,2024-12-22 00:00:00,SHIPPED,EAST
ORD000802,CUST00177,2025-08-31 00:00:00,PLACED,EAST
ORD000803,CUST00087,2024-12-24 00:00:00,RETURNED,WEST
ORD000804,CUST00320,2024-05-29 00:00:00,CANCELLED,NORTH
ORD000805,CUST00474,2026-04-17 00:00:00,SHIPPED,SOUTH
ORD000806,CUST00351,2025-01-17 00:00:00,SHIPPED,NORTH
ORD000807,CUST00058,2026-01-27 00:00:00,PLACED,SOUTH
ORD000808,CUST00486,2025-09-27 00:00:00,SHIPPED,EAST
ORD000809,CUST00008,2024-12-17 00:00:00,PLACED,EAST
ORD000810,CUST00231,2025-04-27 00:00:00,PLACED,EAST
ORD000811,CUST00108,2026-01-27 00:00:00,RETURNED,SOUTH
ORD000812,CUST00105,2025-07-13 00:00:00,RETURNED,EAST
ORD000813,CUST00281,2025-05-09 00:00:00,RETURNED,SOUTH
ORD000814,CUST00356,2025-12-16 00:00:00,PLACED,WEST
ORD000815,CUST00299,2026-07-16 00:00:00,RETURNED,NORTH
ORD000816,CUST00131,2024-06-23 00:00:00,PLACED,EAST
ORD000817,CUST00103,2026-03-19 00:00:00,RETURNED,EAST
ORD000818,CUST00028,2025-04-21 00:00:00,PLACED,NORTH
ORD000819,CUST00199,2025-11-07 00:00:00,DELIVERED,EAST
ORD000820,,2026-06-04 00:00:00,PLACED,NORTH
ORD000821,CUST00150,2026-06-07 00:00:00,CANCELLED,SOUTH
ORD000822,CUST00195,2025-06-04 00:00:00,PLACED,EAST
ORD000823,CUST00249,2026-06-06 00:00:00,RETURNED,CENTRAL
ORD000824,CUST00046,2024-07-09 00:00:00,SHIPPED,CENTRAL
ORD000825,CUST00495,13-04-2025,RETURNED,NORTH
ORD000826,CUST00021,2024-09-10 00:00:00,RETURNED,EAST
ORD000827,CUST00171,2025-05-16 00:00:00,CANCELLED,SOUTH
ORD000828,CUST00010,2024-12-21 00:00:00,DELIVERED,EAST
ORD000829,CUST00321,2024-11-05 00:00:00,SHIPPED,CENTRAL
ORD000830,CUST00142,2026-04-11 00:00:00,PLACED,EAST
ORD000831,CUST00450,2025-01-31 00:00:00,PLACED,CENTRAL
ORD000832,CUST00486,2024-10-13 00:00:00,SHIPPED,SOUTH
ORD000833,CUST00175,2026-07-07 00:00:00,CANCELLED,SOUTH
ORD000834,CUST00045,2026-01-17 00:00:00,CANCELLED,CENTRAL
ORD000835,CUST00492,2025-11-25 00:00:00,RETURNED,SOUTH
ORD000836,CUST00214,2024-09-03 00:00:00,RETURNED,SOUTH
ORD000837,CUST00219,2024-11-15 00:00:00,RETURNED,EAST
ORD000838,CUST00230,2025-07-09 00:00:00,SHIPPED,SOUTH
ORD000839,CUST00335,2024-05-21 00:00:00,RETURNED,CENTRAL
ORD000840,,2025-12-01 00:00:00,SHIPPED,SOUTH
ORD000841,CUST00159,2025-12-06 00:00:00,RETURNED,SOUTH
ORD000842,CUST00221,2026-07-19 00:00:00,SHIPPED,CENTRAL
ORD000843,CUST00470,2024-06-10 00:00:00,DELIVERED,NORTH
ORD000844,CUST00286,2025-06-29 00:00:00,PLACED,SOUTH
ORD000845,CUST00163,2026-05-09 00:00:00,SHIPPED,NORTH
ORD000846,CUST00392,2024-11-22 00:00:00,CANCELLED,WEST
ORD000847,CUST00156,2025-03-29 00:00:00,DELIVERED,SOUTH
ORD000848,CUST00399,2024-07-11 00:00:00,PLACED,SOUTH
ORD000849,CUST00095,2024-01-27 00:00:00,RETURNED,CENTRAL
ORD000850,CUST00137,12-09-2025,RETURNED,CENTRAL
ORD000851,CUST00119,2025-09-02 00:00:00,SHIPPED,SOUTH
ORD000852,CUST00352,2024-01-27 00:00:00,DELIVERED,NORTH
ORD000853,CUST00353,2026-03-09 00:00:00,CANCELLED,SOUTH
ORD000854,CUST00258,2026-05-16 00:00:00,RETURNED,WEST
ORD000855,CUST00365,2025-10-27 00:00:00,DELIVERED,SOUTH
ORD000856,CUST00437,2025-01-31 00:00:00,CANCELLED,WEST
ORD000857,CUST00071,2024-06-16 00:00:00,SHIPPED,SOUTH
ORD000858,CUST00017,2025-02-22 00:00:00,PLACED,EAST
ORD000859,CUST00487,2025-02-26 00:00:00,SHIPPED,SOUTH
ORD000860,,2026-02-14 00:00:00,SHIPPED,NORTH
ORD000861,CUST00091,2025-03-25 00:00:00,RETURNED,WEST
ORD000862,CUST00353,2024-11-28 00:00:00,CANCELLED,SOUTH
ORD000863,CUST00219,2025-02-18 00:00:00,PLACED,CENTRAL
ORD000864,CUST00377,2026-04-24 00:00:00,CANCELLED,EAST
ORD000865,CUST00202,2025-09-18 00:00:00,RETURNED,CENTRAL
ORD000866,CUST00275,2025-06-21 00:00:00,PLACED,CENTRAL
ORD000867,CUST00056,2025-04-07 00:00:00,CANCELLED,NORTH
ORD000868,CUST00450,2024-09-08 00:00:00,RETURNED,CENTRAL
ORD000869,CUST00203,2026-01-22 00:00:00,PLACED,CENTRAL
ORD000870,CUST00199,2025-06-12 00:00:00,PLACED,SOUTH
ORD000871,CUST00150,2025-03-26 00:00:00,CANCELLED,EAST
ORD000872,CUST00397,2026-04-27 00:00:00,DELIVERED,WEST
ORD000873,CUST00086,2025-03-08 00:00:00,DELIVERED,CENTRAL
ORD000874,CUST00471,2024-02-25 00:00:00,RETURNED,SOUTH
ORD000875,CUST00238,29-04-2026,CANCELLED,NORTH
ORD000876,CUST00370,2025-05-27 00:00:00,PLACED,SOUTH
ORD000877,CUST00399,2025-08-22 00:00:00,RETURNED,SOUTH
ORD000878,CUST00202,2025-02-27 00:00:00,DELIVERED,WEST
ORD000879,CUST00013,2024-07-02 00:00:00,CANCELLED,CENTRAL
ORD000880,,2026-07-07 00:00:00,SHIPPED,WEST
ORD000881,CUST00047,2024-09-13 00:00:00,DELIVERED,SOUTH
ORD000882,CUST00368,2026-01-20 00:00:00,PLACED,NORTH
ORD000883,CUST00059,2025-12-24 00:00:00,CANCELLED,EAST
ORD000884,CUST00044,2025-06-20 00:00:00,CANCELLED,CENTRAL
ORD000885,CUST00314,2024-06-12 00:00:00,CANCELLED,CENTRAL
ORD000886,CUST00195,2024-02-14 00:00:00,SHIPPED,EAST
ORD000887,CUST00290,2026-06-11 00:00:00,SHIPPED,SOUTH
ORD000888,CUST00445,2024-05-28 00:00:00,SHIPPED,NORTH
ORD000889,CUST00215,2024-11-11 00:00:00,DELIVERED,WEST
ORD000890,CUST00148,2025-10-03 00:00:00,SHIPPED,NORTH
ORD000891,CUST00461,2024-05-14 00:00:00,SHIPPED,NORTH
ORD000892,CUST00319,2026-02-22 00:00:00,DELIVERED,NORTH
ORD000893,CUST00235,2025-05-24 00:00:00,CANCELLED,CENTRAL
ORD000894,CUST00414,2024-01-06 00:00:00,RETURNED,WEST
ORD000895,CUST00122,2024-08-10 00:00:00,RETURNED,WEST
ORD000896,CUST00233,2025-02-23 00:00:00,CANCELLED,NORTH
ORD000897,CUST00308,2025-09-06 00:00:00,PLACED,SOUTH
ORD000898,CUST00452,2025-07-14 00:00:00,DELIVERED,CENTRAL
ORD000899,CUST00322,2025-07-24 00:00:00,SHIPPED,NORTH
ORD000900,,08-07-2024,SHIPPED,NORTH
ORD000901,CUST00335,2024-12-23 00:00:00,PLACED,SOUTH
ORD000902,CUST00438,2024-02-03 00:00:00,RETURNED,CENTRAL
ORD000903,CUST00153,2024-12-05 00:00:00,PLACED,NORTH
ORD000904,CUST00056,2025-03-02 00:00:00,SHIPPED,SOUTH
ORD000905,CUST00345,2024-10-18 00:00:00,RETURNED,CENTRAL
ORD000906,CUST00294,2026-03-17 00:00:00,RETURNED,SOUTH
ORD000907,CUST00495,2025-04-11 00:00:00,RETURNED,EAST
ORD000908,CUST00477,2024-02-06 00:00:00,PLACED,EAST
ORD000909,CUST00166,2025-01-12 00:00:00,CANCELLED,NORTH
ORD000910,CUST00389,2025-03-13 00:00:00,RETURNED,NORTH
ORD000911,CUST00150,2025-04-27 00:00:00,SHIPPED,NORTH
ORD000912,CUST00356,2026-05-30 00:00:00,DELIVERED,EAST
ORD000913,CUST00270,2025-02-27 00:00:00,RETURNED,SOUTH
ORD000914,CUST00357,2024-08-02 00:00:00,RETURNED,NORTH
ORD000915,CUST00056,2025-08-08 00:00:00,RETURNED,NORTH
ORD000916,CUST00248,2026-01-11 00:00:00,RETURNED,EAST
ORD000917,CUST00219,2025-09-15 00:00:00,DELIVERED,EAST
ORD000918,CUST00270,2025-08-11 00:00:00,RETURNED,EAST
ORD000919,CUST00475,2024-05-12 00:00:00,RETURNED,CENTRAL
ORD000920,,2025-05-23 00:00:00,RETURNED,WEST
ORD000921,CUST00253,2026-04-07 00:00:00,SHIPPED,CENTRAL
ORD000922,CUST00120,2025-12-26 00:00:00,DELIVERED,SOUTH
ORD000923,CUST00001,2024-05-01 00:00:00,PLACED,WEST
ORD000924,CUST00321,2026-03-26 00:00:00,PLACED,SOUTH
ORD000925,CUST00410,22-09-2025,CANCELLED,WEST
ORD000926,CUST00024,2024-12-07 00:00:00,DELIVERED,CENTRAL
ORD000927,CUST00413,2025-10-14 00:00:00,SHIPPED,NORTH
ORD000928,CUST00328,2024-07-25 00:00:00,DELIVERED,EAST
ORD000929,CUST00405,2024-03-10 00:00:00,DELIVERED,EAST
ORD000930,CUST00260,2025-07-17 00:00:00,DELIVERED,NORTH
ORD000931,CUST00059,2025-12-03 00:00:00,DELIVERED,EAST
ORD000932,CUST00203,2026-01-11 00:00:00,RETURNED,CENTRAL
ORD000933,CUST00492,2024-01-30 00:00:00,SHIPPED,SOUTH
ORD000934,CUST00170,2026-05-03 00:00:00,DELIVERED,WEST
ORD000935,CUST00470,2025-04-30 00:00:00,PLACED,SOUTH
ORD000936,CUST00247,2024-06-08 00:00:00,CANCELLED,CENTRAL
ORD000937,CUST00459,2024-12-09 00:00:00,CANCELLED,WEST
ORD000938,CUST00476,2026-01-30 00:00:00,PLACED,CENTRAL
ORD000939,CUST00154,2025-08-01 00:00:00,DELIVERED,CENTRAL
ORD000940,,2025-07-02 00:00:00,PLACED,SOUTH
ORD000941,CUST00296,2025-12-02 00:00:00,DELIVERED,EAST
ORD000942,CUST00034,2024-06-01 00:00:00,DELIVERED,NORTH
ORD000943,CUST00174,2025-01-19 00:00:00,RETURNED,SOUTH
ORD000944,CUST00293,2025-09-12 00:00:00,CANCELLED,SOUTH
ORD000945,CUST00305,2024-04-29 00:00:00,DELIVERED,EAST
ORD000946,CUST00364,2024-02-02 00:00:00,DELIVERED,WEST
ORD000947,CUST00045,2025-05-23 00:00:00,SHIPPED,EAST
ORD000948,CUST00232,2026-04-29 00:00:00,DELIVERED,SOUTH
ORD000949,CUST00269,2024-11-05 00:00:00,SHIPPED,NORTH
ORD000950,CUST00192,14-03-2026,PLACED,SOUTH
ORD000951,CUST00468,2024-04-04 00:00:00,CANCELLED,CENTRAL
ORD000952,CUST00013,2026-03-29 00:00:00,CANCELLED,CENTRAL
ORD000953,CUST00079,2024-07-13 00:00:00,DELIVERED,WEST
ORD000954,CUST00376,2026-06-13 00:00:00,RETURNED,EAST
ORD000955,CUST00398,2024-12-01 00:00:00,SHIPPED,NORTH
ORD000956,CUST00421,2025-06-12 00:00:00,SHIPPED,SOUTH
ORD000957,CUST00371,2024-02-07 00:00:00,CANCELLED,WEST
ORD000958,CUST00366,2026-06-04 00:00:00,RETURNED,NORTH
ORD000959,CUST00003,2024-11-14 00:00:00,PLACED,CENTRAL
ORD000960,,2026-06-11 00:00:00,PLACED,EAST
ORD000961,CUST00240,2026-06-29 00:00:00,PLACED,NORTH
ORD000962,CUST00267,2026-02-23 00:00:00,DELIVERED,NORTH
ORD000963,CUST00296,2026-02-15 00:00:00,DELIVERED,SOUTH
ORD000964,CUST00165,2024-07-24 00:00:00,SHIPPED,EAST
ORD000965,CUST00142,2025-06-29 00:00:00,DELIVERED,WEST
ORD000966,CUST00344,2024-04-30 00:00:00,DELIVERED,SOUTH
ORD000967,CUST00081,2024-10-07 00:00:00,PLACED,NORTH
ORD000968,CUST00491,2025-09-29 00:00:00,RETURNED,CENTRAL
ORD000969,CUST00053,2024-07-30 00:00:00,RETURNED,EAST
ORD000970,CUST00282,2024-11-22 00:00:00,DELIVERED,SOUTH
ORD000971,CUST00483,2025-12-22 00:00:00,DELIVERED,CENTRAL
ORD000972,CUST00126,2024-06-24 00:00:00,PLACED,EAST
ORD000973,CUST00314,2026-07-02 00:00:00,DELIVERED,CENTRAL
ORD000974,CUST00228,2024-02-21 00:00:00,SHIPPED,NORTH
ORD000975,CUST00242,13-07-2026,PLACED,NORTH
ORD000976,CUST00197,2024-02-25 00:00:00,PLACED,WEST
ORD000977,CUST00201,2024-07-02 00:00:00,RETURNED,CENTRAL
ORD000978,CUST00323,2026-05-06 00:00:00,CANCELLED,CENTRAL
ORD000979,CUST00183,2024-11-15 00:00:00,DELIVERED,SOUTH
ORD000980,,2025-12-31 00:00:00,RETURNED,NORTH
ORD000981,CUST00499,2026-02-12 00:00:00,CANCELLED,CENTRAL
ORD000982,CUST00068,2024-04-05 00:00:00,CANCELLED,NORTH
ORD000983,CUST00234,2024-11-13 00:00:00,CANCELLED,WEST
ORD000984,CUST00119,2024-08-17 00:00:00,SHIPPED,CENTRAL
ORD000985,CUST00133,2026-07-23 00:00:00,DELIVERED,WEST
ORD000986,CUST00094,2025-12-17 00:00:00,DELIVERED,EAST
ORD000987,CUST00233,2025-05-14 00:00:00,PLACED,NORTH
ORD000988,CUST00244,2024-04-25 00:00:00,DELIVERED,WEST
ORD000989,CUST00237,2026-05-16 00:00:00,SHIPPED,EAST
ORD000990,CUST00394,2024-12-22 00:00:00,RETURNED,CENTRAL
ORD000991,CUST00066,2025-06-04 00:00:00,PLACED,WEST
ORD000992,CUST00419,2026-01-01 00:00:00,PLACED,EAST
ORD000993,CUST00285,2025-10-27 00:00:00,PLACED,EAST
ORD000994,CUST00273,2025-04-17 00:00:00,CANCELLED,CENTRAL
ORD000995,CUST00212,2024-09-01 00:00:00,RETURNED,SOUTH
ORD000996,CUST00281,2024-06-11 00:00:00,CANCELLED,WEST
ORD000997,CUST00034,2024-12-14 00:00:00,SHIPPED,CENTRAL
ORD000998,CUST00221,2026-03-14 00:00:00,CANCELLED,CENTRAL
ORD000999,CUST00404,2024-12-16 00:00:00,RETURNED,SOUTH
ORD001000,,26-06-2024,PLACED,CENTRAL
